Area,BHK,Bathroom,Furnishing,Locality,Parking,Price,Status,Transaction,Type,Total_Rooms,Area_per_BHK
800.0,3,2.0,Semi-Furnished,Rohini Sector 25,1.0,6500000,Ready_to_move,New_Property,Builder_Floor,5.0,266.6666666666667
750.0,2,2.0,Semi-Furnished,"J R Designers Floors, Rohini Sector 24",1.0,5000000,Ready_to_move,New_Property,Apartment,4.0,375.0
950.0,2,2.0,Furnished,"Citizen Apartment, Rohini Sector 13",1.0,15500000,Ready_to_move,Resale,Apartment,4.0,475.0
600.0,2,2.0,Semi-Furnished,Rohini Sector 24,1.0,4200000,Ready_to_move,Resale,Builder_Floor,4.0,300.0
650.0,2,2.0,Semi-Furnished,"Rohini Sector 24 carpet area 650 sqft status Ready to Move floor 4 out of 4 floors transaction New Property furnishing Semi-Furnished facing East overlooking Garden/Park, Main Road car parking 1 Open bathroom 2 balcony 1 ownership Freehold Newly Constructed Property Newly Constructed Property East Facing Property 2BHK Newly build property for Sale. A House is waiting for a Friendly Family to make it a lovely home.So please come and make his house feel alive once again. read more Contact Agent View Phone No. Share Feedback Garima properties Certified Agent Trusted by Users Genuine Listings Market Knowledge",1.0,6200000,Ready_to_move,New_Property,Builder_Floor,4.0,325.0
1300.0,4,3.0,Semi-Furnished,Rohini Sector 24,1.0,15500000,Ready_to_move,New_Property,Builder_Floor,7.0,325.0
1350.0,4,3.0,Semi-Furnished,Rohini Sector 24,1.0,10000000,Ready_to_move,Resale,Builder_Floor,7.0,337.5
650.0,2,2.0,Semi-Furnished,"Delhi Homes, Rohini Sector 24",1.0,4000000,Ready_to_move,New_Property,Apartment,4.0,325.0
985.0,3,3.0,Unfurnished,Rohini Sector 21,1.0,6800000,Almost_ready,New_Property,Builder_Floor,6.0,328.3333333333333
1300.0,4,4.0,Semi-Furnished,Rohini Sector 22,1.0,15000000,Ready_to_move,New_Property,Builder_Floor,8.0,325.0
1100.0,3,2.0,Semi-Furnished,Rohini Sector 20,1.0,6200000,Ready_to_move,New_Property,Builder_Floor,5.0,366.6666666666667
870.0,3,2.0,Semi-Furnished,Rohini Sector 25,1.0,7700000,Ready_to_move,New_Property,Builder_Floor,5.0,290.0
630.0,2,2.0,Semi-Furnished,Rohini Sector 24,1.0,5500000,Ready_to_move,New_Property,Builder_Floor,4.0,315.0
660.0,2,2.0,Semi-Furnished,Rohini Sector 24,1.0,5000000,Ready_to_move,Resale,Builder_Floor,4.0,330.0
344.4448,2,2.0,Semi-Furnished,Rohini Sector 8 How Auctions work? The borrower has the physical possession of the Property. However the lender (Bank) can legally sell the Property. super area 32 sqm status Ready to Move floor 1 transaction Resale furnishing Semi-Furnished Contact Now Enquire Now Auction By,1.0,3310000,Ready_to_move,Resale,Builder_Floor,4.0,172.2224
660.0,2,2.0,Semi-Furnished,"Rohini Sector 25 carpet area 660 sqft status Ready to Move floor 2 out of 4 floors transaction New Property furnishing Semi-Furnished facing North overlooking Garden/Park, Main Road car parking 1 Open bathroom 2 balcony 1 ownership Freehold Newly Constructed Property Newly Constructed Property Near by Ryan international school 2BHK Located on the Ground Floor of a four story building with open parking the flat measure 720 Sq Ft the property is located in a green and plush sector with common parks opposite every lane and bus and auto stand nearby. its situated 1.5 km from the metro station and walkable distance from shopping distance from shopping complex. read more Contact Agent View Phone No. Share Feedback Know your Certified Agent CRISIL Rating No of Employees 9 Kulwant & Company Certified Agent Trusted by Users Genuine Listings 5500+ Buyers Served",1.0,4700000,Ready_to_move,New_Property,Builder_Floor,4.0,330.0
550.0,2,2.0,Semi-Furnished,Rohini Sector 22,1.0,4500000,Ready_to_move,New_Property,Builder_Floor,4.0,275.0
1100.0,4,3.0,Semi-Furnished,Rohini Sector 16,1.0,17000000,Ready_to_move,New_Property,Builder_Floor,7.0,275.0
1150.0,3,3.0,Semi-Furnished,Rohini Sector 14,1.0,25000000,Ready_to_move,Resale,Apartment,6.0,383.3333333333333
650.0,2,2.0,Semi-Furnished,Rohini Sector 24,1.0,6000000,Ready_to_move,Resale,Builder_Floor,4.0,325.0
850.0,2,2.0,Semi-Furnished,"Mayur Apartment, Rohini Sector 9",1.0,11000000,Ready_to_move,Resale,Apartment,4.0,425.0
900.0,3,2.0,Semi-Furnished,"Vijay Vihar, Rohini",5.0,4500000,Ready_to_move,Resale,Builder_Floor,5.0,300.0
430.556,1,1.0,Furnished,"Rohini Sector 18 carpet area 40 sqm status Ready to Move floor 2 out of 4 floors transaction Resale furnishing Furnished facing East overlooking Main Road car parking 2 Open bathroom 1 balcony 1 ownership Freehold East Facing Property It an LIG three side corner flat in second floor, having full scope of expansion. interior decorated with 2 textured wall , kajaria tiles , fully modular kitchen, branded bathroom and toilet fittings, LED panel, ac in one bedroom, false ceiling in entire flat.south facing unobstructed view balcony. It was all renovated only 2.5 yrs back so every thing is in brand new condition. read more Contact Owner View Phone No. Share Feedback Owner Pramod",2.0,5300000,Ready_to_move,Resale,Apartment,2.0,430.556
900.0,2,2.0,Semi-Furnished,"Prashant Vihar, Rohini",1.0,10500000,Ready_to_move,Resale,Apartment,4.0,450.0
914.9315,2,2.0,Semi-Furnished,Rohini Sector 5,1.0,12000000,Ready_to_move,Resale,Builder_Floor,4.0,457.46575
1100.0,3,3.0,Furnished,Rohini Sector 20,1.0,7000000,Ready_to_move,New_Property,Builder_Floor,6.0,366.6666666666667
800.0,3,2.0,Semi-Furnished,Rohini Sector 25,1.0,7000000,Ready_to_move,Resale,Builder_Floor,5.0,266.6666666666667
500.0,1,1.0,Semi-Furnished,"Sanskriti Apartment, Rohini Sector 28",1.0,3400000,Ready_to_move,Resale,Apartment,2.0,500.0
28.0,2,2.0,Furnished,Rohini Sector 25,1.0,5000000,Ready_to_move,New_Property,Apartment,4.0,14.0
2160.0,4,4.0,Furnished,Rohini Sector 19,1.0,21000000,Ready_to_move,New_Property,Builder_Floor,8.0,540.0
1500.0,1,2.0,Unfurnished,Lajpat Nagar 2,Unknown,13500000,Ready_to_move,Resale,Apartment,3.0,1500.0
800.0,2,2.0,Unfurnished,Lajpat Nagar 1,1.0,15000000,Ready_to_move,New_Property,Builder_Floor,4.0,400.0
900.0,2,2.0,Unfurnished,Lajpat Nagar,1.0,10500000,Ready_to_move,New_Property,Builder_Floor,4.0,450.0
1080.0,3,2.0,Semi-Furnished,"Vikram Vihar, Lajpat Nagar",1.0,22500000,Ready_to_move,New_Property,Builder_Floor,5.0,360.0
750.0,2,2.0,Unfurnished,Lajpat Nagar 4,1.0,13600000,Ready_to_move,New_Property,Builder_Floor,4.0,375.0
1450.0,3,3.0,Semi-Furnished,Lajpat Nagar 3,2.0,30000000,Ready_to_move,New_Property,Builder_Floor,6.0,483.3333333333333
900.0,2,2.0,Semi-Furnished,Lajpat Nagar,1.0,13500000,Ready_to_move,New_Property,Apartment,4.0,450.0
810.0,2,2.0,Semi-Furnished,"Dayanand Colony, Lajpat Nagar How Auctions work? The borrower has the physical possession of the Property. However the lender (Bank) can legally sell the Property. super area 810 sqft status Ready to Move floor 1 out of 5 floors transaction Resale balcony 1 Contact Now Enquire Now Auction By Bank",1.0,8910000,Ready_to_move,Resale,Builder_Floor,4.0,405.0
1350.0,3,4.0,Unfurnished,Lajpat Nagar,1.0,25000000,Ready_to_move,Resale,Apartment,7.0,450.0
1710.0,3,3.0,Semi-Furnished,Lajpat Nagar 2,4.0,26000000,Ready_to_move,New_Property,Builder_Floor,6.0,570.0
1650.0,3,3.0,Semi-Furnished,Lajpat Nagar,1.0,30000000,Ready_to_move,Resale,Builder_Floor,6.0,550.0
1280.0,2,2.0,Furnished,Lajpat Nagar,1.0,12500000,Ready_to_move,Resale,Builder_Floor,4.0,640.0
1260.0,3,3.0,Semi-Furnished,Lajpat Nagar 3,1.0,21000000,Ready_to_move,Resale,Builder_Floor,6.0,420.0
1130.0,2,2.0,Unfurnished,Lajpat Nagar 4,1.0,7800000,Ready_to_move,Resale,Builder_Floor,4.0,565.0
600.0,2,2.0,Semi-Furnished,"Amar Colony, Lajpat Nagar",1.0,11500000,Ready_to_move,New_Property,Builder_Floor,4.0,300.0
850.0,2,2.0,Semi-Furnished,Lajpat Nagar 1,1.0,11500000,Ready_to_move,Resale,Builder_Floor,4.0,425.0
1500.0,3,3.0,Semi-Furnished,Lajpat Nagar 2,2.0,26000000,Ready_to_move,New_Property,Builder_Floor,6.0,500.0
900.0,2,2.0,Semi-Furnished,"Amar Colony, Lajpat Nagar",2.0,13000000,Ready_to_move,New_Property,Builder_Floor,4.0,450.0
1000.0,3,3.0,Semi-Furnished,"Vikram Vihar, Lajpat Nagar",1.0,22000000,Ready_to_move,New_Property,Builder_Floor,6.0,333.3333333333333
900.0,2,2.0,Semi-Furnished,Lajpat Nagar 2,1.0,15800000,Ready_to_move,New_Property,Builder_Floor,4.0,450.0
2925.0,4,4.0,Unfurnished,Lajpat Nagar 3,2.0,57500000,Ready_to_move,New_Property,Builder_Floor,8.0,731.25
900.0,2,2.0,Unfurnished,Lajpat Nagar 1,2.0,10000000,Ready_to_move,Resale,Builder_Floor,4.0,450.0
1600.0,3,3.0,Unfurnished,Lajpat Nagar 3,2.0,30000000,Ready_to_move,New_Property,Builder_Floor,6.0,533.3333333333334
1143.0,3,3.0,Unfurnished,"Vikram Vihar, Lajpat Nagar",2.0,22000000,Ready_to_move,New_Property,Builder_Floor,6.0,381.0
1150.0,3,3.0,Semi-Furnished,"Vikram Vihar, Lajpat Nagar",2.0,24000000,Ready_to_move,New_Property,Builder_Floor,6.0,383.3333333333333
1500.0,3,3.0,Semi-Furnished,Lajpat Nagar 3,1.0,31500000,Ready_to_move,Resale,Builder_Floor,6.0,500.0
850.0,2,2.0,Semi-Furnished,Lajpat Nagar 2,1.0,14600000,Ready_to_move,Resale,Builder_Floor,4.0,425.0
8000.0,4,5.0,Semi-Furnished,Lajpat Nagar,1.0,240000000,Ready_to_move,New_Property,Builder_Floor,9.0,2000.0
890.0,2,2.0,Semi-Furnished,Lajpat Nagar 1,1.0,8300000,Ready_to_move,Resale,Builder_Floor,4.0,445.0
1100.0,3,3.0,Unfurnished,"Vikram Vihar, Lajpat Nagar",1.0,22500000,Ready_to_move,New_Property,Builder_Floor,6.0,366.6666666666667
750.0,1,1.0,Furnished,"DDA Flats Sector 14, Dwarka Sector 14",2.0,4600000,Ready_to_move,Resale,Apartment,2.0,750.0
850.0,2,1.0,Semi-Furnished,"Siddhartha Heights, Dwarka Sector 24",2.0,1900000,Ready_to_move,New_Property,Apartment,3.0,425.0
1350.0,3,2.0,Unfurnished,"MTNL Employees House Welfare Society, Dwarka Sector 24",1.0,5130000,Ready_to_move,New_Property,Apartment,5.0,450.0
1387.0,4,4.0,Unfurnished,"Delhi Homes Yojana, Dwarka Sector 24",1.0,5890000,Ready_to_move,New_Property,Apartment,8.0,346.75
1050.0,3,2.0,Unfurnished,"The Elite Spire, Dwarka Sector 21",1.0,3700000,Ready_to_move,New_Property,Apartment,5.0,350.0
1500.0,3,2.0,Unfurnished,"Kunj Vihar Apartment, Dwarka Sector 12",1.0,17400000,Ready_to_move,Resale,Apartment,5.0,500.0
1200.0,3,3.0,Semi-Furnished,"Ashirwad Apartments, Dwarka Sector 12",1.0,15500000,Ready_to_move,Resale,Apartment,6.0,400.0
700.0,2,1.0,Semi-Furnished,"MTNL Employees House Welfare Society, Dwarka Sector 24",1.0,2400000,Almost_ready,New_Property,Apartment,3.0,350.0
1700.0,3,2.0,Semi-Furnished,"Sunny Valley Apartments, Dwarka",1.0,17200000,Ready_to_move,Resale,Apartment,5.0,566.6666666666666
1550.0,3,2.0,Furnished,"Shri Agrasen Apartment, Dwarka Sector 7",2.0,14200000,Ready_to_move,Resale,Apartment,5.0,516.6666666666666
1400.0,3,3.0,Semi-Furnished,"Chopra Apartment, Dwarka Sector 23",1.0,13500000,Ready_to_move,Resale,Apartment,6.0,466.6666666666667
1900.0,4,4.0,Semi-Furnished,"Mohinder Apartments, Dwarka Sector 12",1.0,30000000,Ready_to_move,Resale,Apartment,8.0,475.0
2160.0,4,3.0,Unfurnished,"Chander Lok Apartment, Dwarka Sector 19",1.0,21000000,Ready_to_move,Resale,Apartment,7.0,540.0
1700.0,4,3.0,Unfurnished,"Neelachal, Dwarka Sector 5",1.0,20500000,Ready_to_move,Resale,Apartment,7.0,425.0
1850.0,3,4.0,Semi-Furnished,Dwarka,1.0,24000000,Ready_to_move,Resale,Apartment,7.0,616.6666666666666
1800.0,4,2.0,Semi-Furnished,"MeeraBai Apartment, Dwarka Sector 5",1.0,16500000,Ready_to_move,Resale,Apartment,6.0,450.0
1620.0,3,2.0,Semi-Furnished,"Crescent Apartments, Dwarka Sector 18",1.0,14900000,Ready_to_move,Resale,Apartment,5.0,540.0
1800.0,4,3.0,Furnished,"Ashoka Enclave Apartment, Dwarka Sector 11",1.0,19200000,Ready_to_move,Resale,Apartment,7.0,450.0
1540.0,3,3.0,Semi-Furnished,"Nav Kairali Apartment, Dwarka Sector 3",1.0,14500000,Ready_to_move,Resale,Apartment,6.0,513.3333333333334
1600.0,3,3.0,Semi-Furnished,"Ashirwad Apartments, Dwarka",1.0,15600000,Ready_to_move,Resale,Apartment,6.0,533.3333333333334
1400.0,3,2.0,Unfurnished,"Indraprastha Apartment, Dwarka Sector 12",1.0,11400000,Ready_to_move,Resale,Apartment,5.0,466.6666666666667
2300.0,4,4.0,Furnished,"Mohinder Apartments, Dwarka",1.0,31500000,Ready_to_move,Resale,Apartment,8.0,575.0
1560.0,3,2.0,Furnished,"Ashoka Apartments, Dwarka Sector 12",2.0,15800000,Ready_to_move,Resale,Apartment,5.0,520.0
1500.0,3,3.0,Semi-Furnished,"Karuna Vihar Apartment, Dwarka",2.0,16000000,Ready_to_move,Resale,Apartment,6.0,500.0
1050.0,2,2.0,Unfurnished,"LNT Apartments, Dwarka",1.0,10500000,Ready_to_move,Resale,Apartment,4.0,525.0
1800.0,3,2.0,Semi-Furnished,Dwarka Sector 4,1.0,14800000,Ready_to_move,Resale,Apartment,5.0,600.0
400.0,1,1.0,Semi-Furnished,"Dwarka Sector 3 carpet area 400 sqft status Ready to Move floor 1 out of 4 floors transaction New Property furnishing Semi-Furnished facing West overlooking Main Road bathroom 1 balcony 1 ownership Freehold Newly Constructed Property 1BHK freehold property , reserved parking, ample space for visitor parking, bathrooms with modern facilities, complete light in all room, wooden wardrobes in bedrooms, separate electric & water meter connection, separate water tank at roof, electronic door lock system with intercom facility, wall to wall POP work, fall ceiling work in all rooms, royal paint work in all rooms, 24X7 running water, branded electric fittings, modular kitchen with electronic chimney, marble vitrified tile flooring, near to metro station, well connected to main road ect. 80 to 90 home loan available. Ready to move read more Contact Agent View Phone No. Share Feedback Agent S.B. Associates 4000+ Buyers Served",1.0,1850000,Ready_to_move,New_Property,Builder_Floor,2.0,400.0
1150.0,3,2.0,Semi-Furnished,Dwarka Sector 16B,1.0,6800000,Ready_to_move,New_Property,Builder_Floor,5.0,383.3333333333333
1525.0,3,3.0,Semi-Furnished,"Chopra Apartment, Dwarka Sector 23",1.0,14200000,Ready_to_move,Resale,Apartment,6.0,508.3333333333333
900.0,1,1.0,Semi-Furnished,Lajpat Nagar 3,Unknown,8900000,Ready_to_move,Resale,Builder_Floor,2.0,900.0
1450.0,3,3.0,Semi-Furnished,Lajpat Nagar 3,2.0,37500000,Ready_to_move,New_Property,Builder_Floor,6.0,483.3333333333333
1260.0,3,3.0,Semi-Furnished,Lajpat Nagar 3,2.0,21000000,Ready_to_move,Resale,Builder_Floor,6.0,420.0
2925.0,4,4.0,Unfurnished,Lajpat Nagar 3,2.0,57500000,Ready_to_move,New_Property,Builder_Floor,8.0,731.25
1710.0,3,3.0,Semi-Furnished,Lajpat Nagar 3,1.0,30000000,Ready_to_move,Resale,Builder_Floor,6.0,570.0
1600.0,3,3.0,Unfurnished,Lajpat Nagar 3,1.0,30000000,Ready_to_move,New_Property,Builder_Floor,6.0,533.3333333333334
1500.0,3,3.0,Semi-Furnished,Lajpat Nagar 3,1.0,31500000,Ready_to_move,Resale,Builder_Floor,6.0,500.0
2200.0,3,3.0,Unfurnished,Lajpat Nagar 3,1.0,30000000,Ready_to_move,Resale,Builder_Floor,6.0,733.3333333333334
1350.0,3,3.0,Unfurnished,Lajpat Nagar 3,1.0,41500000,Ready_to_move,New_Property,Builder_Floor,6.0,450.0
1710.0,3,3.0,Semi-Furnished,Lajpat Nagar 3,1.0,24800000,Ready_to_move,Resale,Builder_Floor,6.0,570.0
1350.0,3,3.0,Semi-Furnished,Lajpat Nagar 3,2.0,35000000,Ready_to_move,Resale,Builder_Floor,6.0,450.0
1500.0,3,3.0,Semi-Furnished,Lajpat Nagar 3,1.0,40000000,Ready_to_move,Resale,Builder_Floor,6.0,500.0
2880.0,4,5.0,Unfurnished,Lajpat Nagar 3,1.0,46000000,Ready_to_move,New_Property,Builder_Floor,9.0,720.0
2700.0,4,4.0,Semi-Furnished,Lajpat Nagar 3,2.0,55000000,Ready_to_move,Resale,Builder_Floor,8.0,675.0
1400.0,3,3.0,Unfurnished,Lajpat Nagar 3,1.0,24500000,Ready_to_move,Resale,Builder_Floor,6.0,466.6666666666667
1800.0,3,3.0,Unfurnished,Lajpat Nagar 3,1.0,24500000,Ready_to_move,Resale,Apartment,6.0,600.0
1400.0,3,3.0,Semi-Furnished,Lajpat Nagar 3,1.0,32500000,Ready_to_move,New_Property,Builder_Floor,6.0,466.6666666666667
1000.0,2,2.0,Furnished,Lajpat Nagar 3,1.0,20000000,Ready_to_move,Resale,Apartment,4.0,500.0
8000.0,4,5.0,Semi-Furnished,Lajpat Nagar,1.0,240000000,Ready_to_move,New_Property,Builder_Floor,9.0,2000.0
1700.0,3,3.0,Furnished,Lajpat Nagar 3,2.0,19000000,Ready_to_move,Resale,Builder_Floor,6.0,566.6666666666666
1600.0,3,3.0,Unfurnished,Lajpat Nagar 3,2.0,26000000,Ready_to_move,Resale,Builder_Floor,6.0,533.3333333333334
1350.0,3,3.0,Unfurnished,Lajpat Nagar 3,1.0,21000000,Ready_to_move,Resale,Builder_Floor,6.0,450.0
1700.0,3,3.0,Semi-Furnished,Lajpat Nagar 3,1.0,27500000,Ready_to_move,Resale,Builder_Floor,6.0,566.6666666666666
1400.0,3,3.0,Semi-Furnished,Lajpat Nagar 3,2.0,32500000,Ready_to_move,New_Property,Builder_Floor,6.0,466.6666666666667
1450.0,3,3.0,Semi-Furnished,Lajpat Nagar 3,1.0,45000000,Ready_to_move,New_Property,Builder_Floor,6.0,483.3333333333333
1350.0,3,3.0,Semi-Furnished,Lajpat Nagar 3,1.0,21000000,Ready_to_move,Resale,Builder_Floor,6.0,450.0
1700.0,3,3.0,Unfurnished,Lajpat Nagar 3,1.0,28000000,Ready_to_move,Resale,Builder_Floor,6.0,566.6666666666666
1600.0,3,3.0,Unfurnished,Lajpat Nagar 3,2.0,29500000,Ready_to_move,Resale,Builder_Floor,6.0,533.3333333333334
800.0,2,2.0,Unfurnished,Lajpat Nagar 2,1.0,14000000,Ready_to_move,New_Property,Builder_Floor,4.0,400.0
1350.0,2,2.0,Furnished,Lajpat Nagar 2,4.0,12500000,Ready_to_move,Resale,Builder_Floor,4.0,675.0
1500.0,3,3.0,Semi-Furnished,Lajpat Nagar 2,2.0,26000000,Ready_to_move,New_Property,Builder_Floor,6.0,500.0
750.0,2,2.0,Semi-Furnished,"Vinoba Puri, Lajpat Nagar",2.0,11500000,Ready_to_move,New_Property,Builder_Floor,4.0,375.0
850.0,2,2.0,Semi-Furnished,Lajpat Nagar 2,2.0,14600000,Ready_to_move,Resale,Builder_Floor,4.0,425.0
1575.0,3,3.0,Semi-Furnished,Lajpat Nagar 2,1.0,25500000,Ready_to_move,New_Property,Builder_Floor,6.0,525.0
1675.0,3,3.0,Semi-Furnished,Lajpat Nagar 2,2.0,31000000,Ready_to_move,New_Property,Builder_Floor,6.0,558.3333333333334
1350.0,3,3.0,Semi-Furnished,Lajpat Nagar 2,2.0,22000000,Ready_to_move,Resale,Builder_Floor,6.0,450.0
900.0,2,2.0,Semi-Furnished,Lajpat Nagar 2,2.0,13400000,Ready_to_move,New_Property,Builder_Floor,4.0,450.0
1800.0,3,3.0,Semi-Furnished,Lajpat Nagar 2,2.0,35000000,Almost_ready,New_Property,Builder_Floor,6.0,600.0
900.0,2,2.0,Furnished,Lajpat Nagar 2,2.0,11000000,Ready_to_move,Resale,Builder_Floor,4.0,450.0
900.0,2,2.0,Unfurnished,"Vinoba Puri, Lajpat Nagar",2.0,6300000,Ready_to_move,Resale,Builder_Floor,4.0,450.0
900.0,2,2.0,Furnished,Lajpat Nagar 2,2.0,12500000,Ready_to_move,Resale,Builder_Floor,4.0,450.0
800.0,2,2.0,Unfurnished,Lajpat Nagar 2,1.0,14500000,Ready_to_move,New_Property,Builder_Floor,4.0,400.0
1100.0,2,3.0,Semi-Furnished,Lajpat Nagar 2,1.0,22500000,Ready_to_move,New_Property,Builder_Floor,5.0,550.0
810.0,2,2.0,Semi-Furnished,Lajpat Nagar 2,1.0,15500000,Ready_to_move,New_Property,Builder_Floor,4.0,405.0
1500.0,3,3.0,Semi-Furnished,Lajpat Nagar 2,1.0,26000000,Ready_to_move,New_Property,Builder_Floor,6.0,500.0
900.0,2,2.0,Semi-Furnished,Lajpat Nagar 2,1.0,15800000,Ready_to_move,New_Property,Builder_Floor,4.0,450.0
825.0,2,2.0,Unfurnished,Lajpat Nagar 2,1.0,15000000,Ready_to_move,New_Property,Builder_Floor,4.0,412.5
900.0,2,2.0,Unfurnished,Lajpat Nagar 2,1.0,13000000,Ready_to_move,New_Property,Builder_Floor,4.0,450.0
875.0,2,2.0,Unfurnished,Lajpat Nagar 2,1.0,15000000,Ready_to_move,New_Property,Builder_Floor,4.0,437.5
1350.0,3,3.0,Semi-Furnished,Lajpat Nagar 2,1.0,25000000,Ready_to_move,New_Property,Builder_Floor,6.0,450.0
750.0,2,2.0,Semi-Furnished,Lajpat Nagar 2,1.0,16500000,Ready_to_move,New_Property,Builder_Floor,4.0,375.0
900.0,2,2.0,Unfurnished,Lajpat Nagar 2,1.0,10300000,Ready_to_move,New_Property,Builder_Floor,4.0,450.0
1350.0,3,3.0,Semi-Furnished,Lajpat Nagar 2,1.0,26000000,Ready_to_move,New_Property,Builder_Floor,6.0,450.0
900.0,2,2.0,Unfurnished,Lajpat Nagar 2,1.0,11000000,Ready_to_move,Resale,Builder_Floor,4.0,450.0
1800.0,3,3.0,Unfurnished,Lajpat Nagar 2,1.0,28500000,Ready_to_move,New_Property,Builder_Floor,6.0,600.0
900.0,2,1.0,Furnished,Budh Vihar,1.0,11000000,Ready_to_move,Resale,Apartment,3.0,450.0
810.0,3,2.0,Semi-Furnished,Budh Vihar,1.0,4500000,Ready_to_move,Resale,Builder_Floor,5.0,270.0
450.0,2,1.0,Unfurnished,"Budh Vihar super area 50 sqyrd status Ready to Move floor Ground out of 2 floors transaction Resale furnishing Unfurnished facing East car parking 1 Open bathroom 1 balcony 2 ownership Freehold For Sale 2 BHK 50 yrd, 2 side open Ground Floor, First and Second Floor in H Block, Gali No. 04, Near Laxmi Narain Mandir, BudhVihar read more Contact Agent View Phone No. Share Feedback Agent Sahyog Properties 1000+ Buyers Served",1.0,3600000,Ready_to_move,Resale,Builder_Floor,3.0,225.0
100.0,3,2.0,Furnished,Budh Vihar Phase 1,1.0,4300000,Ready_to_move,New_Property,Builder_Floor,5.0,33.333333333333336
900.0,3,2.0,Semi-Furnished,Budh Vihar,1.0,4000000,Ready_to_move,Resale,Builder_Floor,5.0,300.0
500.0,2,2.0,Semi-Furnished,Budh Vihar Phase 1,1.0,1650000,Ready_to_move,Resale,Apartment,4.0,250.0
450.0,1,1.0,Furnished,Budh Vihar,1.0,2000000,Ready_to_move,Resale,Builder_Floor,2.0,450.0
75.0,2,2.0,Semi-Furnished,Budh Vihar,1.0,3000000,Ready_to_move,Resale,Builder_Floor,4.0,37.5
270.0,2,1.0,Semi-Furnished,Budh Vihar Phase 1,1.0,1400000,Ready_to_move,Resale,Apartment,3.0,135.0
500.0,2,1.0,Semi-Furnished,Budh Vihar Phase 1,1.0,2000000,Ready_to_move,Resale,Builder_Floor,3.0,250.0
444.0,2,2.0,Unfurnished,Budh Vihar Phase 1,1.0,2000000,Ready_to_move,Resale,Apartment,4.0,222.0
400.0,1,1.0,Furnished,Budh Vihar,1.0,2000000,Ready_to_move,Resale,Builder_Floor,2.0,400.0
729.0,3,4.0,Furnished,Budh Vihar,1.0,2600000,Ready_to_move,Resale,Builder_Floor,7.0,243.0
4050.0,6,3.0,Furnished,Budh Vihar Phase 1,1.0,5100000,Ready_to_move,Resale,Builder_Floor,9.0,675.0
2400.0,6,4.0,Furnished,Budh Vihar Phase 2,1.0,6000000,Ready_to_move,Resale,Builder_Floor,10.0,400.0
450.0,2,2.0,Furnished,Budh Vihar,1.0,4000000,Ready_to_move,Resale,Builder_Floor,4.0,225.0
405.0,2,3.0,Furnished,Budh Vihar Phase 2,1.0,6200000,Ready_to_move,Resale,Builder_Floor,5.0,202.5
666.0,1,2.0,Furnished,Budh Vihar Phase 1,1.0,3500000,Ready_to_move,Resale,Builder_Floor,3.0,666.0
1000.0,2,2.0,Semi-Furnished,"Saptrishi Apartment, Rohini Sector 23",1.0,7600000,Ready_to_move,Resale,Apartment,4.0,500.0
1360.0,4,3.0,Semi-Furnished,Rohini Sector 24,1.0,13500000,Ready_to_move,New_Property,Builder_Floor,7.0,340.0
1550.0,4,3.0,Semi-Furnished,Rohini Sector 24,1.0,12500000,Ready_to_move,New_Property,Builder_Floor,7.0,387.5
850.0,3,2.0,Semi-Furnished,Rohini Sector 23,1.0,6500000,Ready_to_move,New_Property,Builder_Floor,5.0,283.3333333333333
2170.0,4,4.0,Unfurnished,Rohini Sector 23,2.0,22000000,Ready_to_move,New_Property,Builder_Floor,8.0,542.5
720.0,3,2.0,Semi-Furnished,Rohini Sector 23,1.0,6000000,Ready_to_move,New_Property,Builder_Floor,5.0,240.0
850.0,3,2.0,Semi-Furnished,Rohini Sector 23,1.0,7300000,Ready_to_move,New_Property,Builder_Floor,5.0,283.3333333333333
950.0,3,2.0,Semi-Furnished,Rohini Sector 23,1.0,7600000,Ready_to_move,New_Property,Builder_Floor,5.0,316.6666666666667
2300.0,4,4.0,Semi-Furnished,Rohini Sector 23,1.0,20000000,Ready_to_move,New_Property,Builder_Floor,8.0,575.0
1300.0,4,4.0,Semi-Furnished,Rohini Sector 22,1.0,15000000,Ready_to_move,New_Property,Builder_Floor,8.0,325.0
1100.0,3,2.0,Semi-Furnished,Rohini Sector 20,1.0,6200000,Ready_to_move,New_Property,Builder_Floor,5.0,366.6666666666667
1030.0,3,2.0,Furnished,Rohini Sector 20,1.0,6200000,Ready_to_move,New_Property,Builder_Floor,5.0,343.3333333333333
350.0,1,1.0,Semi-Furnished,"Rohini ( 1 km from Shahbad Dairy, Rohini)",1.0,2300000,Ready_to_move,New_Property,Builder_Floor,2.0,350.0
720.0,2,2.0,Semi-Furnished,"J R Designers Floors, Rohini Sector 24",1.0,4700000,Ready_to_move,New_Property,Apartment,4.0,360.0
800.0,2,2.0,Semi-Furnished,"J R Designers Floors, Rohini Sector 24",1.0,5500000,Ready_to_move,New_Property,Apartment,4.0,400.0
350.0,1,1.0,Semi-Furnished,"J R Designers Floors, Rohini Sector 24",1.0,2000000,Ready_to_move,New_Property,Apartment,2.0,350.0
980.0,3,2.0,Semi-Furnished,"J R Designers Floors, Rohini Sector 24",1.0,7300000,Ready_to_move,New_Property,Apartment,5.0,326.6666666666667
1600.0,4,3.0,Semi-Furnished,"J R Designers Floors, Rohini Sector 24",1.0,13000000,Ready_to_move,New_Property,Apartment,7.0,400.0
1450.0,3,3.0,Semi-Furnished,"J R Designers Floors, Rohini Sector 24",1.0,11500000,Ready_to_move,New_Property,Apartment,6.0,483.3333333333333
445.0,2,2.0,Semi-Furnished,"J R Designers Floors, Rohini Sector 24",1.0,2800000,Ready_to_move,New_Property,Apartment,4.0,222.5
380.0,1,1.0,Semi-Furnished,"J R Designers Floors, Rohini Sector 24",1.0,2200000,Ready_to_move,New_Property,Apartment,2.0,380.0
680.0,2,2.0,Semi-Furnished,"J R Designers Floors, Rohini Sector 24",1.0,4400000,Ready_to_move,New_Property,Apartment,4.0,340.0
1600.0,3,3.0,Semi-Furnished,"J R Designers Floors, Rohini Sector 24",1.0,13500000,Ready_to_move,New_Property,Apartment,6.0,533.3333333333334
630.0,2,2.0,Semi-Furnished,"J R Designers Floors, Rohini Sector 24",1.0,4100000,Ready_to_move,New_Property,Apartment,4.0,315.0
1500.0,3,2.0,Semi-Furnished,"J R Designers Floors, Rohini Sector 24",1.0,12000000,Ready_to_move,New_Property,Apartment,5.0,500.0
550.0,2,2.0,Semi-Furnished,"J R Designers Floors, Rohini Sector 24",1.0,3500000,Ready_to_move,New_Property,Apartment,4.0,275.0
2500.0,4,3.0,Semi-Furnished,"J R Designers Floors, Rohini Sector 24",1.0,15000000,Ready_to_move,New_Property,Apartment,7.0,625.0
2800.0,5,4.0,Semi-Furnished,"J R Designers Floors, Rohini Sector 24",1.0,17500000,Ready_to_move,New_Property,Apartment,9.0,560.0
300.0,1,1.0,Semi-Furnished,"J R Designers Floors, Rohini Sector 24",1.0,1900000,Ready_to_move,New_Property,Apartment,2.0,300.0
800.0,3,2.0,Semi-Furnished,"J R Designers Floors, Rohini Sector 24",1.0,5500000,Ready_to_move,New_Property,Apartment,5.0,266.6666666666667
1295.0,3,2.0,Semi-Furnished,"J R Designers Floors, Rohini Sector 24",1.0,10000000,Ready_to_move,New_Property,Apartment,5.0,431.6666666666667
700.0,3,2.0,Semi-Furnished,"J R Designers Floors, Rohini Sector 24",1.0,4700000,Ready_to_move,New_Property,Apartment,5.0,233.33333333333334
350.0,1,1.0,Semi-Furnished,"J R Designers Floors, Rohini Sector 24",1.0,2400000,Ready_to_move,New_Property,Builder_Floor,2.0,350.0
450.0,2,2.0,Semi-Furnished,"J R Designers Floors, Rohini Sector 24",1.0,3800000,Ready_to_move,New_Property,Builder_Floor,4.0,225.0
2200.0,4,4.0,Semi-Furnished,"J R Designers Floors, Rohini Sector 24",1.0,23000000,Ready_to_move,New_Property,Builder_Floor,8.0,550.0
2300.0,4,4.0,Semi-Furnished,"J R Designers Floors, Rohini Sector 24",1.0,24500000,Ready_to_move,New_Property,Builder_Floor,8.0,575.0
1150.0,3,2.0,Semi-Furnished,"J R Designers Floors, Rohini Sector 24",1.0,10000000,Ready_to_move,New_Property,Builder_Floor,5.0,383.3333333333333
800.0,3,2.0,Semi-Furnished,"J R Designers Floors, Rohini Sector 24",1.0,5500000,Ready_to_move,New_Property,Builder_Floor,5.0,266.6666666666667
850.0,3,2.0,Semi-Furnished,"J R Designers Floors, Rohini Sector 24",1.0,7000000,Ready_to_move,New_Property,Builder_Floor,5.0,283.3333333333333
720.0,3,2.0,Semi-Furnished,"J R Designers Floors, Rohini Sector 24",1.0,6500000,Ready_to_move,New_Property,Builder_Floor,5.0,240.0
4688.0,5,4.0,Unfurnished,"The Leela Sky Villas, Patel Nagar",1.0,135000000,Almost_ready,New_Property,Apartment,9.0,937.6
3901.0,4,4.0,Unfurnished,"The Leela Sky Villas, Patel Nagar",1.0,93000000,Almost_ready,New_Property,Apartment,8.0,975.25
950.0,3,2.0,Furnished,"Uttam Nagar Floors, Uttam Nagar",1.0,4370000,Ready_to_move,New_Property,Apartment,5.0,316.6666666666667
1000.0,3,2.0,Unfurnished,"Virat Residency, Dwarka Mor",1.0,4620000,Ready_to_move,New_Property,Apartment,5.0,333.3333333333333
850.0,2,1.0,Semi-Furnished,"Siddhartha Heights, Dwarka Sector 24",1.0,1900000,Ready_to_move,New_Property,Apartment,3.0,425.0
2400.0,4,4.0,Semi-Furnished,"Find Homes, Greater Kailash 2",1.0,70000000,Ready_to_move,New_Property,Apartment,8.0,600.0
540.0,2,2.0,Semi-Furnished,"Adarsh Homes, Dwarka Mor",1.0,3000000,Ready_to_move,New_Property,Apartment,4.0,270.0
540.0,2,2.0,Semi-Furnished,"Kushwaha Homes, Uttam Nagar",1.0,3300000,Ready_to_move,New_Property,Apartment,4.0,270.0
976.0,2,2.0,Furnished,"Godrej South Estate, Okhla",1.0,24900000,Ready_to_move,New_Property,Apartment,4.0,488.0
2700.0,4,3.0,Semi-Furnished,"APL Builder Floor, Greater Kailash 1",1.0,60000000,Ready_to_move,New_Property,Builder_Floor,7.0,675.0
1500.0,3,2.0,Unfurnished,"Kunj Vihar Apartment, Dwarka Sector 12",1.0,17400000,Ready_to_move,Resale,Apartment,5.0,500.0
2900.0,5,5.0,Furnished,Janakpuri Block A3,1.0,51000000,Almost_ready,New_Property,Builder_Floor,10.0,580.0
5025.0,5,6.0,Unfurnished,Greater Kailash 2,4.0,170000000,Almost_ready,New_Property,Builder_Floor,11.0,1005.0
1000.0,3,2.0,Semi-Furnished,"Partap Homes, Bhagwati Vihar, Uttam Nagar",1.0,5510000,Almost_ready,New_Property,Builder_Floor,5.0,333.3333333333333
1135.0,3,3.0,Furnished,"The Amaryllis, Karol Bagh",2.0,25000000,Almost_ready,Resale,Apartment,6.0,378.3333333333333
2306.0,3,3.0,Unfurnished,"The Leela Sky Villas, Patel Nagar",1.0,57000000,Almost_ready,New_Property,Apartment,6.0,768.6666666666666
850.0,2,2.0,Semi-Furnished,"Diamond Heights Multi Estate, Najafgarh",1.0,2940000,Almost_ready,New_Property,Apartment,4.0,425.0
1200.0,3,3.0,Semi-Furnished,"Ashirwad Apartments, Dwarka Sector 12",1.0,15500000,Ready_to_move,Resale,Apartment,6.0,400.0
1700.0,3,2.0,Semi-Furnished,"Sunny Valley Apartments, Dwarka",1.0,17200000,Ready_to_move,Resale,Apartment,5.0,566.6666666666666
1800.0,4,3.0,Semi-Furnished,"Vasant Vihar Builder Floor, Vasant Vihar",2.0,55000000,Ready_to_move,Resale,Builder_Floor,7.0,450.0
1100.0,2,2.0,Semi-Furnished,Vasant Kunj,1.0,15000000,Ready_to_move,Resale,Apartment,4.0,550.0
22050.0,4,4.0,Semi-Furnished,Greater Kailash 1,2.0,51000000,Almost_ready,New_Property,Builder_Floor,8.0,5512.5
1550.0,4,3.0,Semi-Furnished,Rohini Sector 24,1.0,13000000,Ready_to_move,New_Property,Builder_Floor,7.0,387.5
1600.0,3,3.0,Semi-Furnished,Greater Kailash 1,1.0,30000000,Ready_to_move,New_Property,Builder_Floor,6.0,533.3333333333334
700.0,2,2.0,Semi-Furnished,"Khanpur, Madangir",1.0,2400000,Ready_to_move,New_Property,Builder_Floor,4.0,350.0
45.0,4,3.0,Unfurnished,"Batla House, Okhla",1.0,5500000,Ready_to_move,New_Property,Builder_Floor,7.0,11.25
3510.0,4,4.0,Semi-Furnished,"Friends Colony West, New Friends Colony",2.0,45000000,Ready_to_move,Resale,Builder_Floor,8.0,877.5
4500.0,4,4.0,Semi-Furnished,New Friends Colony,2.0,60000000,Ready_to_move,New_Property,Builder_Floor,8.0,1125.0
1800.0,4,4.0,Semi-Furnished,New Friends Colony,2.0,65000000,Ready_to_move,New_Property,Builder_Floor,8.0,450.0
6000.0,5,5.0,Semi-Furnished,"Maharani Bagh, New Friends Colony",9.0,220000000,Ready_to_move,New_Property,Builder_Floor,10.0,1200.0
4300.0,4,4.0,Unfurnished,"New Friends Colony carpet area 4300 sqft status Ready to Move floor 2 out of 3 floors transaction Resale furnishing Unfurnished facing North - East overlooking Garden/Park, Main Road car parking 2 Covered, 2 Open bathroom 4 balcony 3 ownership Freehold hurry up... dont waste time any where, It is best deal in your pocket budget.well maintained second floor with terrace garden plus 2 additional room on terrace up for sale in new friends colony.the property has 4 king sized bedroom attached bathroom with roof top shower with Jacuzzi. It has 3 big balconies with wonderful outer view. It has modular kitchen with new fittings. It has servant quarter pooja room study room store room etc. It has drawing & dining. It has 2 car parking with gated society. It has 247 hours water supply with full power backup. It is in amazing location. read more Contact Agent View Phone No. Share Feedback Crisil Silver Agent Sagar Home Developers Pvt. Ltd. 1000+ Buyers Served",2.0,60000000,Ready_to_move,Resale,Builder_Floor,8.0,1075.0
1700.0,3,3.0,Semi-Furnished,"Friends Colony East, New Friends Colony",2.0,38500000,Ready_to_move,New_Property,Builder_Floor,6.0,566.6666666666666
2500.0,3,3.0,Semi-Furnished,"Maharani Bagh, New Friends Colony",2.0,50000000,Ready_to_move,Resale,Apartment,6.0,833.3333333333334
4500.0,4,4.0,Semi-Furnished,New Friends Colony,2.0,75000000,Ready_to_move,New_Property,Builder_Floor,8.0,1125.0
2450.0,4,4.0,Furnished,"Friends Colony West, New Friends Colony",2.0,70000000,Ready_to_move,New_Property,Builder_Floor,8.0,612.5
10350.0,4,7.0,Semi-Furnished,"Maharani Bagh, New Friends Colony",3.0,160000000,Ready_to_move,New_Property,Apartment,11.0,2587.5
4800.0,3,4.0,Semi-Furnished,"Maharani Bagh, New Friends Colony",1.0,85000000,Ready_to_move,Resale,Builder_Floor,7.0,1600.0
1600.0,3,3.0,Semi-Furnished,New Friends Colony,2.0,40000000,Ready_to_move,Resale,Apartment,6.0,533.3333333333334
3500.0,4,4.0,Unfurnished,New Friends Colony,2.0,90000000,Ready_to_move,Resale,Builder_Floor,8.0,875.0
2100.0,4,5.0,Semi-Furnished,New Friends Colony,2.0,56000000,Ready_to_move,New_Property,Builder_Floor,9.0,525.0
4200.0,5,5.0,Semi-Furnished,"Friends Colony East, New Friends Colony",2.0,135500000,Ready_to_move,New_Property,Builder_Floor,10.0,840.0
1500.0,3,3.0,Semi-Furnished,New Friends Colony,2.0,60000000,Ready_to_move,New_Property,Builder_Floor,6.0,500.0
8150.0,4,5.0,Unfurnished,"Maharani Bagh, New Friends Colony",4.0,170000000,Ready_to_move,New_Property,Builder_Floor,9.0,2037.5
2200.0,4,4.0,Semi-Furnished,"Kalindi Colony, Maharani Bagh, New Friends Colony",2.0,50000000,Ready_to_move,Resale,Builder_Floor,8.0,550.0
3500.0,4,5.0,Semi-Furnished,New Friends Colony,2.0,58000000,Ready_to_move,New_Property,Builder_Floor,9.0,875.0
2070.0,3,3.0,Semi-Furnished,"Friends Colony East, New Friends Colony",2.0,37500000,Ready_to_move,New_Property,Builder_Floor,6.0,690.0
3500.0,3,3.0,Unfurnished,"Maharani Bagh, New Friends Colony",1.0,45000000,Ready_to_move,Resale,Builder_Floor,6.0,1166.6666666666667
2000.0,4,4.0,Semi-Furnished,New Friends Colony,3.0,70000000,Ready_to_move,New_Property,Builder_Floor,8.0,500.0
2800.0,6,4.0,Semi-Furnished,"Taimoor Enclave, New Friends Colony carpet area 2800 sqft status Ready to Move floor 2 out of 3 floors transaction Resale furnishing Semi-Furnished facing East overlooking Garden/Park society Taimoor Enclave car parking 2 Covered, 1 Open bathroom 4 balcony 2 ownership Freehold Two floor of the house is available for sale SECOND AND THIRD FLOOR EXTRA made, provision for LIFT can be provided by the OWNER .DDA FLATS of TAIMOOR ENCLAVE, NEAR GURUDWARA, NEW FRIENDS COLONY, SOUTH DELHI , HOUSE IS ON THE SECOND FLOOR have 3 bed room and 2 wash room and and same on the Third Floor, URGENT SALE, BROKER EXCUSE. read more Contact Agent View Phone No. Share Feedback Agent Delhi Homes 100+ Buyers Served",2.0,29500000,Ready_to_move,Resale,Apartment,10.0,466.6666666666667
2550.0,4,4.0,Unfurnished,New Friends Colony,1.0,60000000,Ready_to_move,Resale,Builder_Floor,8.0,637.5
4500.0,4,4.0,Semi-Furnished,New Friends Colony,2.0,70000000,Ready_to_move,Resale,Builder_Floor,8.0,1125.0
1400.0,3,3.0,Semi-Furnished,New Friends Colony,2.0,50000000,Ready_to_move,New_Property,Builder_Floor,6.0,466.6666666666667
2800.0,4,5.0,Semi-Furnished,New Friends Colony,2.0,75000000,Ready_to_move,New_Property,Builder_Floor,9.0,700.0
2700.0,4,4.0,Semi-Furnished,"New Friends Colony Floors, New Friends Colony",2.0,52500000,Ready_to_move,New_Property,Builder_Floor,8.0,675.0
4500.0,4,4.0,Semi-Furnished,New Friends Colony,2.0,55000000,Ready_to_move,Resale,Builder_Floor,8.0,1125.0
7200.0,4,4.0,Semi-Furnished,"Maharani Bagh, New Friends Colony",2.0,120000000,Ready_to_move,Resale,Builder_Floor,8.0,1800.0
2799.0,4,4.0,Semi-Furnished,"Kailash Colony, Greater Kailash",Unknown,65000000,Ready_to_move,New_Property,Builder_Floor,8.0,699.75
2650.0,4,4.0,Unfurnished,"Kailash Colony, Greater Kailash",2.0,75000000,Ready_to_move,New_Property,Builder_Floor,8.0,662.5
2200.0,4,4.0,Semi-Furnished,"Kailash Colony, Greater Kailash",2.0,47500000,Ready_to_move,New_Property,Builder_Floor,8.0,550.0
3500.0,5,5.0,Semi-Furnished,"Kailash Colony, Greater Kailash",1.0,70000000,Ready_to_move,New_Property,Builder_Floor,10.0,700.0
2200.0,4,4.0,Semi-Furnished,"Kailash Colony, Greater Kailash",2.0,47500000,Ready_to_move,New_Property,Builder_Floor,8.0,550.0
2200.0,4,4.0,Semi-Furnished,"Kailash Colony, Greater Kailash",1.0,40000000,Ready_to_move,New_Property,Builder_Floor,8.0,550.0
3500.0,4,4.0,Semi-Furnished,"Kailash Colony, Greater Kailash",3.0,85000000,Ready_to_move,New_Property,Builder_Floor,8.0,875.0
1440.0,3,3.0,Semi-Furnished,"Kailash Colony, Greater Kailash",3.0,26000000,Ready_to_move,New_Property,Builder_Floor,6.0,480.0
3150.0,4,4.0,Semi-Furnished,"Kailash Colony, Greater Kailash",3.0,35000000,Ready_to_move,Resale,Builder_Floor,8.0,787.5
900.0,2,2.0,Semi-Furnished,"Kailash Colony, Greater Kailash",3.0,20000000,Ready_to_move,Resale,Builder_Floor,4.0,450.0
3690.0,4,5.0,Semi-Furnished,"Kailash Colony, Greater Kailash",3.0,79000000,Almost_ready,New_Property,Builder_Floor,9.0,922.5
1200.0,3,2.0,Semi-Furnished,"Kailash Colony, Greater Kailash",3.0,17000000,Ready_to_move,Resale,Builder_Floor,5.0,400.0
4500.0,4,4.0,Semi-Furnished,"Kailash Colony, Greater Kailash",2.0,47500000,Ready_to_move,Resale,Builder_Floor,8.0,1125.0
2799.0,4,4.0,Semi-Furnished,"Kailash Colony, Greater Kailash",2.0,43000000,Ready_to_move,New_Property,Builder_Floor,8.0,699.75
1350.0,3,3.0,Unfurnished,"Kailash Colony, Greater Kailash",1.0,26000000,Ready_to_move,New_Property,Builder_Floor,6.0,450.0
1200.0,3,3.0,Unfurnished,"Kailash Colony, Greater Kailash",1.0,25000000,Ready_to_move,New_Property,Builder_Floor,6.0,400.0
2177.0,4,5.0,Semi-Furnished,"Kailash Colony, Greater Kailash",2.0,51000000,Ready_to_move,New_Property,Builder_Floor,9.0,544.25
1500.0,3,3.0,Semi-Furnished,"Kailash Colony, Greater Kailash",2.0,40000000,Ready_to_move,New_Property,Builder_Floor,6.0,500.0
1600.0,3,3.0,Unfurnished,"Kailash Colony, Greater Kailash",1.0,22500000,Ready_to_move,Resale,Builder_Floor,6.0,533.3333333333334
4500.0,4,4.0,Semi-Furnished,"Kailash Colony, Greater Kailash",1.0,70000000,Ready_to_move,New_Property,Builder_Floor,8.0,1125.0
2150.0,4,4.0,Unfurnished,"Kailash Colony, Greater Kailash",2.0,45000000,Ready_to_move,New_Property,Builder_Floor,8.0,537.5
2107.0,4,4.0,Semi-Furnished,"Kailash Colony, Greater Kailash",2.0,51100000,Ready_to_move,New_Property,Apartment,8.0,526.75
1150.0,3,3.0,Semi-Furnished,"Kailash Colony, Greater Kailash",1.0,25500000,Ready_to_move,New_Property,Builder_Floor,6.0,383.3333333333333
1240.0,3,3.0,Unfurnished,"Kailash Colony, Greater Kailash",2.0,26500000,Ready_to_move,New_Property,Builder_Floor,6.0,413.3333333333333
1000.0,2,2.0,Unfurnished,"Kailash Colony, Greater Kailash",1.0,15000000,Ready_to_move,Resale,Builder_Floor,4.0,500.0
4500.0,4,4.0,Semi-Furnished,"Kailash Colony, Greater Kailash",2.0,55000000,Ready_to_move,Resale,Builder_Floor,8.0,1125.0
1150.0,3,3.0,Semi-Furnished,"Kailash Colony, Greater Kailash",2.0,26000000,Ready_to_move,New_Property,Builder_Floor,6.0,383.3333333333333
2000.0,4,4.0,Semi-Furnished,"Kailash Colony, Greater Kailash",2.0,38000000,Ready_to_move,Resale,Builder_Floor,8.0,500.0
4500.0,4,5.0,Semi-Furnished,"Kailash Colony, Greater Kailash",2.0,72500000,Ready_to_move,Resale,Builder_Floor,9.0,1125.0
3000.0,4,5.0,Semi-Furnished,"Kailash Colony, Greater Kailash",4.0,65000000,Ready_to_move,New_Property,Builder_Floor,9.0,750.0
700.0,2,2.0,Unfurnished,"Ram Nagar, Shahdara",Unknown,4600000,Ready_to_move,New_Property,Builder_Floor,4.0,350.0
750.0,2,2.0,Semi-Furnished,"Jyoti Nagar West, Shahdara",Unknown,9200000,Ready_to_move,Resale,Builder_Floor,4.0,375.0
1350.0,4,3.0,Unfurnished,"Hans Apartments, Vishwas Nagar, Shahdara",2.0,9500000,Ready_to_move,Resale,Apartment,7.0,337.5
900.0,2,2.0,Semi-Furnished,"Naveen Shahdara, Shahdara",1.0,4500000,Ready_to_move,Resale,Builder_Floor,4.0,450.0
970.0,3,2.0,Semi-Furnished,"Balbir Nagar, Shahdara",1.0,6500000,Ready_to_move,Resale,Builder_Floor,5.0,323.3333333333333
1000.0,3,2.0,Furnished,"Rohitash Nagar East, Shahdara",1.0,5650000,Ready_to_move,Resale,Builder_Floor,5.0,333.3333333333333
1425.0,3,3.0,Semi-Furnished,"Naveen Shahdara, Shahdara",1.0,9300000,Ready_to_move,Resale,Builder_Floor,6.0,475.0
440.0,2,2.0,Unfurnished,Shahdara,1.0,2700000,Ready_to_move,Resale,Apartment,4.0,220.0
1017.0,2,2.0,Furnished,"Vishwas Nagar, Shahdara",1.0,6500000,Ready_to_move,New_Property,Builder_Floor,4.0,508.5
650.0,2,2.0,Semi-Furnished,"DDA RPS Flats, Mansarowar Park, Shahdara",1.0,5800000,Ready_to_move,Resale,Apartment,4.0,325.0
950.0,3,2.0,Semi-Furnished,Shahdara,1.0,5500000,Ready_to_move,Resale,Apartment,5.0,316.6666666666667
810.0,3,2.0,Semi-Furnished,"Yamuna Vihar, Shahdara",1.0,6000000,Ready_to_move,Resale,Builder_Floor,5.0,270.0
750.0,2,2.0,Unfurnished,"Balbir Nagar, Shahdara",1.0,4500000,Ready_to_move,Resale,Builder_Floor,4.0,375.0
990.0,2,2.0,Semi-Furnished,Shahdara,2.0,4100000,Ready_to_move,Resale,Builder_Floor,4.0,495.0
800.0,3,2.0,Semi-Furnished,"Ram Nagar, Shahdara",2.0,3800000,Ready_to_move,Resale,Builder_Floor,5.0,266.6666666666667
675.0,2,1.0,Unfurnished,Shahdara,1.0,3300000,Ready_to_move,Resale,Apartment,3.0,337.5
558.0,2,1.0,Unfurnished,"Rohtash Nagar, Shahdara",1.0,2900000,Ready_to_move,New_Property,Builder_Floor,3.0,279.0
445.0,2,1.0,Unfurnished,"Ram Nagar Extension, Shahdara",1.0,2000000,Ready_to_move,Resale,Builder_Floor,3.0,222.5
360.0,2,1.0,Unfurnished,"Maujpur, Shahdara",1.0,1550000,Ready_to_move,New_Property,Builder_Floor,3.0,180.0
1350.0,4,3.0,Semi-Furnished,"Mansarowar Park, Shahdara",1.0,11300000,Ready_to_move,New_Property,Builder_Floor,7.0,337.5
850.0,3,2.0,Semi-Furnished,"Gorakh Park West, Shahdara",1.0,4500000,Ready_to_move,Resale,Builder_Floor,5.0,283.3333333333333
846.0,2,1.0,Unfurnished,"Shivnam Apartment, Shahdara",1.0,3300000,Ready_to_move,New_Property,Apartment,3.0,423.0
1300.0,4,3.0,Furnished,"Mansarowar Park, Shahdara",1.0,11500000,Ready_to_move,New_Property,Builder_Floor,7.0,325.0
900.0,3,2.0,Semi-Furnished,"Ram Nagar Extension, Shahdara",1.0,6000000,Almost_ready,New_Property,Builder_Floor,5.0,300.0
1050.0,3,2.0,Semi-Furnished,"Hans Apartments, Vishwas Nagar, Shahdara",1.0,9000000,Ready_to_move,Resale,Apartment,5.0,350.0
850.0,2,2.0,Furnished,"Jyoti Colony, Shahdara",1.0,4500000,Ready_to_move,Resale,Builder_Floor,4.0,425.0
1650.0,4,3.0,Furnished,Shahdara,1.0,14000000,Almost_ready,New_Property,Apartment,7.0,412.5
1150.0,2,2.0,Semi-Furnished,"Ahinsha Vatika, Ram Nagar, Shahdara",1.0,7300000,Ready_to_move,Resale,Apartment,4.0,575.0
495.1394,1,1.0,Furnished,Shahdara,1.0,1900000,Ready_to_move,Resale,Builder_Floor,2.0,495.1394
1053.0,3,2.0,Furnished,"Naveen Shahdara, Shahdara",4.0,7000000,Ready_to_move,Resale,Builder_Floor,5.0,351.0
810.0,3,2.0,Semi-Furnished,"Yamuna Vihar, Shahdara",1.0,6000000,Ready_to_move,Resale,Builder_Floor,5.0,270.0
750.0,1,2.0,Semi-Furnished,"Yamuna Vihar, Shahdara",1.0,6400000,Ready_to_move,Resale,Builder_Floor,3.0,750.0
540.0,2,1.0,Furnished,"Yamuna Vihar, Shahdara",1.0,2700000,Ready_to_move,New_Property,Apartment,3.0,270.0
747.0,2,2.0,Furnished,"Yamuna Vihar, Shahdara",1.0,6500000,Ready_to_move,Resale,Builder_Floor,4.0,373.5
720.0,2,1.0,Unfurnished,"Yamuna Vihar, Shahdara",1.0,4000000,Ready_to_move,Resale,Builder_Floor,3.0,360.0
376.7365,1,1.0,Semi-Furnished,"Yamuna Vihar, Shahdara",1.0,3000000,Ready_to_move,New_Property,Apartment,2.0,376.7365
1125.0,2,2.0,Unfurnished,"Yamuna Vihar, Shahdara",1.0,5000000,Ready_to_move,Resale,Builder_Floor,4.0,562.5
713.0,2,2.0,Semi-Furnished,"Yamuna Vihar, Shahdara",1.0,6000000,Ready_to_move,New_Property,Builder_Floor,4.0,356.5
360.0,1,1.0,Unfurnished,"Yamuna Vihar, Shahdara",1.0,2500000,Ready_to_move,Resale,Builder_Floor,2.0,360.0
900.0,2,2.0,Semi-Furnished,"Yamuna Vihar, Shahdara",1.0,6500000,Ready_to_move,Resale,Apartment,4.0,450.0
713.0,3,1.0,Unfurnished,"Yamuna Vihar, Shahdara",1.0,8000000,Ready_to_move,Resale,Apartment,4.0,237.66666666666666
504.0,2,1.0,Furnished,"Yamuna Vihar, Shahdara",1.0,2700000,Ready_to_move,Resale,Builder_Floor,3.0,252.0
70.0,1,2.0,Unfurnished,"Yamuna Vihar, Shahdara",1.0,4500000,Ready_to_move,Resale,Apartment,3.0,70.0
850.0,3,2.0,Furnished,"Yamuna Vihar, Shahdara",1.0,5700000,Ready_to_move,Resale,Builder_Floor,5.0,283.3333333333333
2430.0,4,3.0,Furnished,"Yamuna Vihar, Shahdara",1.0,25000000,Ready_to_move,Resale,Builder_Floor,7.0,607.5
2475.0,3,3.0,Furnished,"Yamuna Vihar, Shahdara",1.0,70000000,Ready_to_move,Resale,Builder_Floor,6.0,825.0
2970.0,7,4.0,Furnished,"Yamuna Vihar, Shahdara",1.0,26500000,Ready_to_move,Resale,Builder_Floor,11.0,424.2857142857143
2250.0,3,2.0,Furnished,"Yamuna Vihar, Shahdara",1.0,18500000,Ready_to_move,Resale,Builder_Floor,5.0,750.0
1500.0,5,3.0,Furnished,"Yamuna Vihar, Shahdara",1.0,30000000,Ready_to_move,Resale,Builder_Floor,8.0,300.0
1512.0,2,2.0,Furnished,"Yamuna Vihar, Shahdara",1.0,22000000,Ready_to_move,Resale,Builder_Floor,4.0,756.0
400.0,2,2.0,Furnished,"mind. The space is airy, is well located and can be easily customized as per the needs. Prime facilities are easily accessible from this place with Government Girls Senior Secondary School No 2 (0 km ). Other key neighbourhood are B Block Market (0 km ). read more Contact Owner View Phone No. Share Feedback Owner vinod kumar",1.0,9000000,Ready_to_move,Resale,Builder_Floor,4.0,200.0
2160.0,3,3.0,Furnished,"Yamuna Vihar, Shahdara",1.0,65000000,Ready_to_move,Resale,Builder_Floor,6.0,720.0
630.0,3,2.0,Furnished,"Yamuna Vihar, Shahdara",1.0,22500000,Ready_to_move,Resale,Builder_Floor,5.0,210.0
324.0,6,3.0,Furnished,"Yamuna Vihar, Shahdara",1.0,8700000,Ready_to_move,Resale,Builder_Floor,9.0,54.0
720.0,6,5.0,Furnished,"Yamuna Vihar, Shahdara",1.0,22000000,Ready_to_move,Resale,Builder_Floor,11.0,120.0
675.0,4,2.0,Furnished,"Yamuna Vihar, Shahdara",2.0,18500000,Ready_to_move,Resale,Builder_Floor,6.0,168.75
700.0,2,1.0,Furnished,"Yamuna Vihar, Shahdara",2.0,16000000,Ready_to_move,New_Property,Builder_Floor,3.0,350.0
675.0,4,3.0,Furnished,"Yamuna Vihar, Shahdara",2.0,16000000,Ready_to_move,Resale,Builder_Floor,7.0,168.75
720.0,4,2.0,Furnished,"Yamuna Vihar, Shahdara",2.0,9000000,Ready_to_move,Resale,Builder_Floor,6.0,180.0
850.0,2,2.0,Furnished,"Jyoti Colony, Shahdara",1.0,4500000,Ready_to_move,Resale,Builder_Floor,4.0,425.0
801.0,3,2.0,Semi-Furnished,Laxmi Nagar,1.0,6000000,Ready_to_move,New_Property,Builder_Floor,5.0,267.0
450.0,1,2.0,Unfurnished,Laxmi Nagar,1.0,2700000,Ready_to_move,Resale,Builder_Floor,3.0,450.0
1000.0,3,2.0,Unfurnished,Laxmi Nagar,1.0,6500000,Ready_to_move,Resale,Apartment,5.0,333.3333333333333
990.0,3,2.0,Unfurnished,Laxmi Nagar,1.0,4000000,Ready_to_move,Resale,Apartment,5.0,330.0
420.0,2,1.0,Semi-Furnished,Laxmi Nagar,1.0,2600000,Ready_to_move,New_Property,Builder_Floor,3.0,210.0
450.0,2,1.0,Semi-Furnished,Laxmi Nagar,1.0,3500000,Ready_to_move,Resale,Builder_Floor,3.0,225.0
1000.0,2,2.0,Unfurnished,Laxmi Nagar,1.0,7500000,Ready_to_move,Resale,Apartment,4.0,500.0
900.0,3,2.0,Semi-Furnished,Laxmi Nagar,1.0,7000000,Ready_to_move,Resale,Builder_Floor,5.0,300.0
800.0,3,2.0,Semi-Furnished,Laxmi Nagar,1.0,4500000,Ready_to_move,New_Property,Builder_Floor,5.0,266.6666666666667
720.0,3,3.0,Semi-Furnished,Laxmi Nagar,2.0,5500000,Ready_to_move,Resale,Builder_Floor,6.0,240.0
450.0,2,1.0,Semi-Furnished,Laxmi Nagar,2.0,2700000,Ready_to_move,New_Property,Builder_Floor,3.0,225.0
675.0,2,2.0,Furnished,Laxmi Nagar,2.0,2400000,Ready_to_move,Resale,Builder_Floor,4.0,337.5
1700.0,4,3.0,Unfurnished,Laxmi Nagar,2.0,11500000,Ready_to_move,New_Property,Builder_Floor,7.0,425.0
550.0,2,2.0,Unfurnished,"Guru Angad Nagar West, Laxmi Nagar",2.0,3600000,Ready_to_move,New_Property,Builder_Floor,4.0,275.0
387.0,1,2.0,Unfurnished,"Guru Angad Nagar West, Laxmi Nagar",2.0,1700000,Ready_to_move,New_Property,Builder_Floor,3.0,387.0
450.0,2,1.0,Unfurnished,"Lalita Park, Laxmi Nagar",2.0,2500000,Ready_to_move,Resale,Apartment,3.0,225.0
900.0,4,2.0,Furnished,Laxmi Nagar,1.0,6600000,Ready_to_move,Resale,Builder_Floor,6.0,225.0
500.0,2,1.0,Semi-Furnished,Laxmi Nagar,1.0,3700000,Ready_to_move,Resale,Builder_Floor,3.0,250.0
441.0,2,1.0,Unfurnished,"Krishan Kunj, Laxmi Nagar",1.0,3500000,Ready_to_move,Resale,Apartment,3.0,220.5
800.0,3,2.0,Semi-Furnished,"Lalita Park, Laxmi Nagar",1.0,5400000,Ready_to_move,Resale,Builder_Floor,5.0,266.6666666666667
450.0,2,2.0,Semi-Furnished,"Laxmi Nagar super area 450 sqft status Ready to Move floor 3 out of 4 floors transaction New Property furnishing Semi-Furnished facing East overlooking Main Road bathroom 2 balcony 1 ownership Freehold Newly Constructed Property East Facing Property This Builder Floor Apartment at 3rd faces East & overlooks Main Road offering a beautiful view from the house. with airy interiors. The type of ownership is Freehold. The Builder Floor Apartment is newly constructed. Bank loans available from LIC Housing Finance, Kotak Mahindra Bank, Indiabulls. Flooring of type Marble covers maximum part of the house. The location has easy access to, Dena Bank (0 km ), Delhi Convent School (0 km ), DDA Market (0 km ) and Nirman Vihar Metro Station (2 km ). read more Contact Owner View Phone No. Share Feedback Owner Sonia",1.0,2550000,Ready_to_move,New_Property,Builder_Floor,4.0,225.0
1000.0,3,3.0,Furnished,"Laxmi Nagar carpet area 1000 sqft status Ready to Move floor 1 out of 4 floors transaction Resale furnishing Furnished bathroom 3 balcony 1 It's a 1st floor Builder Floor Apartment in a building of total 4 floors. The age of construction for this Builder Floor Apartment is between 10 to 15 years. The location has easy access to, Dena Bank (0 km ), Delhi Convent School (0 km ), DDA Market (0 km ) and Nirman Vihar Metro Station (2 km ). read more Contact Owner View Phone No. Share Feedback Owner Vipul Jain",1.0,12500000,Ready_to_move,Resale,Builder_Floor,6.0,333.3333333333333
715.0,2,2.0,Unfurnished,Laxmi Nagar,1.0,5600000,Ready_to_move,Resale,Apartment,4.0,357.5
600.0,2,2.0,Unfurnished,Laxmi Nagar,1.0,7000000,Ready_to_move,Resale,Builder_Floor,4.0,300.0
540.0,2,1.0,Unfurnished,Laxmi Nagar,1.0,3500000,Ready_to_move,Resale,Builder_Floor,3.0,270.0
312.0,4,4.0,Furnished,"Bank Enclave, Laxmi Nagar",1.0,35000000,Ready_to_move,Resale,Apartment,8.0,78.0
810.0,3,2.0,Semi-Furnished,Laxmi Nagar,1.0,9000000,Ready_to_move,Resale,Builder_Floor,5.0,270.0
270.0,1,1.0,Semi-Furnished,"Guru Angad Nagar West, Laxmi Nagar",1.0,2300000,Ready_to_move,Resale,Builder_Floor,2.0,270.0
900.0,3,2.0,Semi-Furnished,Laxmi Nagar,1.0,6000000,Ready_to_move,Resale,Builder_Floor,5.0,300.0
1000.0,3,2.0,Unfurnished,Laxmi Nagar,1.0,6000000,Ready_to_move,Resale,Apartment,5.0,333.3333333333333
540.0,2,2.0,Semi-Furnished,Uttam Nagar,1.0,2650000,Ready_to_move,New_Property,Builder_Floor,4.0,270.0
1000.0,3,2.0,Semi-Furnished,"Partap Homes, Bhagwati Vihar, Uttam Nagar",1.0,5510000,Almost_ready,New_Property,Builder_Floor,5.0,333.3333333333333
500.0,2,2.0,Semi-Furnished,Dwarka Mor,1.0,3200000,Ready_to_move,New_Property,Builder_Floor,4.0,250.0
540.0,2,2.0,Semi-Furnished,Uttam Nagar West,1.0,2600000,Ready_to_move,New_Property,Builder_Floor,4.0,270.0
780.0,3,2.0,Semi-Furnished,Uttam Nagar,1.0,4000000,Ready_to_move,New_Property,Builder_Floor,5.0,260.0
450.0,2,1.0,Semi-Furnished,Uttam Nagar West,1.0,1850000,Ready_to_move,New_Property,Builder_Floor,3.0,225.0
360.0,1,1.0,Semi-Furnished,Uttam Nagar,1.0,1700000,Ready_to_move,New_Property,Builder_Floor,2.0,360.0
900.0,3,2.0,Semi-Furnished,"SB Residency, Dwarka Mor",1.0,2800000,Ready_to_move,New_Property,Builder_Floor,5.0,300.0
495.0,2,2.0,Semi-Furnished,Uttam Nagar West,1.0,2150000,Ready_to_move,New_Property,Builder_Floor,4.0,247.5
1200.0,4,3.0,Semi-Furnished,"SB Residency, Dwarka Mor",1.0,6800000,Ready_to_move,New_Property,Builder_Floor,7.0,300.0
1000.0,3,2.0,Semi-Furnished,Uttam Nagar,1.0,6200000,Ready_to_move,New_Property,Builder_Floor,5.0,333.3333333333333
620.0,2,2.0,Semi-Furnished,Uttam Nagar,1.0,3100000,Ready_to_move,New_Property,Builder_Floor,4.0,310.0
680.0,3,2.0,Semi-Furnished,Dwarka Mor,1.0,3400000,Ready_to_move,New_Property,Builder_Floor,5.0,226.66666666666666
805.0,2,2.0,Unfurnished,"Kiran Garden, Uttam Nagar",1.0,4000000,Ready_to_move,Resale,Builder_Floor,4.0,402.5
729.0,2,2.0,Semi-Furnished,"Mohan Garden, Razapur Khurd",1.0,4800000,Ready_to_move,Resale,Builder_Floor,4.0,364.5
540.0,2,2.0,Semi-Furnished,Uttam Nagar,1.0,2500000,Ready_to_move,New_Property,Builder_Floor,4.0,270.0
360.0,1,1.0,Semi-Furnished,Uttam Nagar,1.0,2000000,Ready_to_move,New_Property,Builder_Floor,2.0,360.0
550.0,2,2.0,Semi-Furnished,Uttam Nagar West,1.0,1900000,Ready_to_move,New_Property,Builder_Floor,4.0,275.0
1001.0,3,2.0,Furnished,"Mitya Homes, Dwarka Mor",1.0,5800000,Ready_to_move,New_Property,Builder_Floor,5.0,333.6666666666667
450.0,2,2.0,Unfurnished,Dwarka Mor,1.0,2900000,Ready_to_move,Resale,Builder_Floor,4.0,225.0
550.0,2,1.0,Semi-Furnished,Uttam Nagar West,1.0,2000000,Ready_to_move,New_Property,Builder_Floor,3.0,275.0
550.0,2,2.0,Semi-Furnished,"Uttam Nagar carpet area 550 sqft status Ready to Move transaction New Property furnishing Semi-Furnished facing East overlooking Main Road bathroom 2 balcony 1 ownership Freehold Newly Constructed Property Newly Constructed Property East Facing Property 2bhk fully furnished flats available for sale at uttam nagar, the flat is fully loaded, one singal wall texture in all bedrooms, modular kitchen, LED pannel in drawing room, wardrobes in bedroom read more Contact Agent View Phone No. Share Feedback Pranita Developers Pvt. Ltd. Certified Agent Trusted by Users Genuine Listings 100+ Buyers Served",1.0,2600000,Ready_to_move,New_Property,Builder_Floor,4.0,275.0
675.0,2,1.0,Unfurnished,Uttam Nagar,1.0,2900000,Ready_to_move,Resale,Builder_Floor,3.0,337.5
585.0,2,2.0,Unfurnished,Uttam Nagar,1.0,3200000,Ready_to_move,Resale,Builder_Floor,4.0,292.5
810.0,3,2.0,Semi-Furnished,"New Uttam Nagar, Uttam Nagar",1.0,5400000,Ready_to_move,Resale,Builder_Floor,5.0,270.0
765.0,3,2.0,Semi-Furnished,Dwarka Mor,1.0,3800000,Ready_to_move,Resale,Builder_Floor,5.0,255.0
70.0,2,3.0,Furnished,"Patel Nagar South, Patel Nagar",1.0,8200000,Ready_to_move,New_Property,Builder_Floor,5.0,35.0
800.0,3,2.0,Unfurnished,Patel Nagar West,1.0,8000000,Ready_to_move,Resale,Builder_Floor,5.0,266.6666666666667
900.0,3,2.0,Semi-Furnished,Patel Nagar West,1.0,9500000,Ready_to_move,Resale,Builder_Floor,5.0,300.0
1680.0,4,5.0,Semi-Furnished,Patel Nagar West,1.0,20000000,Ready_to_move,Resale,Builder_Floor,9.0,420.0
900.0,2,2.0,Furnished,Patel Nagar West,3.0,7400000,Ready_to_move,Resale,Builder_Floor,4.0,450.0
2000.0,3,3.0,Semi-Furnished,"Patel Nagar East, Patel Nagar",1.0,37500000,Ready_to_move,Resale,Apartment,6.0,666.6666666666666
2000.0,4,4.0,Semi-Furnished,Patel Nagar West,3.0,15000000,Ready_to_move,Resale,Builder_Floor,8.0,500.0
1900.0,3,3.0,Semi-Furnished,"The Leela Sky Villas, Patel Nagar",1.0,55300000,Almost_ready,New_Property,Apartment,6.0,633.3333333333334
1530.0,3,3.0,Semi-Furnished,"Patel Nagar East, Patel Nagar",2.0,26500000,Ready_to_move,Resale,Builder_Floor,6.0,510.0
100.0,3,2.0,Semi-Furnished,"Patel Nagar East, Patel Nagar",2.0,16000000,Ready_to_move,Resale,Apartment,5.0,33.333333333333336
900.0,3,2.0,Furnished,Patel Nagar West,2.0,10400000,Ready_to_move,Resale,Builder_Floor,5.0,300.0
270.0,1,1.0,Unfurnished,Patel Nagar West,2.0,1700000,Ready_to_move,Resale,Builder_Floor,2.0,270.0
950.0,2,2.0,Semi-Furnished,Patel Nagar West,2.0,8000000,Ready_to_move,Resale,Builder_Floor,4.0,475.0
1800.0,3,3.0,Semi-Furnished,"Patel Nagar East, Patel Nagar",2.0,27000000,Ready_to_move,Resale,Builder_Floor,6.0,600.0
1500.0,3,3.0,Semi-Furnished,Patel Nagar West,2.0,19500000,Ready_to_move,Resale,Builder_Floor,6.0,500.0
1800.0,3,3.0,Furnished,"Patel Nagar East, Patel Nagar",3.0,50000000,Ready_to_move,Resale,Apartment,6.0,600.0
1800.0,3,3.0,Unfurnished,Patel Nagar West,3.0,21100000,Ready_to_move,Resale,Builder_Floor,6.0,600.0
850.0,2,3.0,Semi-Furnished,Patel Nagar West,1.0,5900000,Ready_to_move,Resale,Builder_Floor,5.0,425.0
140.0,3,2.0,Unfurnished,"Punjabi Basti, Patel Nagar",1.0,12000000,Ready_to_move,New_Property,Builder_Floor,5.0,46.666666666666664
900.0,3,2.0,Unfurnished,Patel Nagar West,1.0,12000000,Ready_to_move,Resale,Builder_Floor,5.0,300.0
1800.0,3,3.0,Unfurnished,Patel Nagar West,1.0,24000000,Ready_to_move,Resale,Apartment,6.0,600.0
200.0,1,1.0,Semi-Furnished,"Patel Nagar East, Patel Nagar",1.0,7000000,Ready_to_move,Resale,Apartment,2.0,200.0
1782.0,3,3.0,Semi-Furnished,"Patel Nagar East, Patel Nagar",1.0,15000000,Ready_to_move,Resale,Apartment,6.0,594.0
900.0,2,2.0,Furnished,"Baljit Nagar, Patel Nagar",1.0,1500000,Ready_to_move,Resale,Builder_Floor,4.0,450.0
405.0,2,1.0,Semi-Furnished,Patel Nagar West,1.0,3950000,Ready_to_move,Resale,Apartment,3.0,202.5
1500.0,3,3.0,Unfurnished,Patel Nagar West,1.0,12500000,Ready_to_move,Resale,Builder_Floor,6.0,500.0
66.0,3,1.0,Unfurnished,"Baljit Nagar, Patel Nagar",1.0,1600000,Ready_to_move,New_Property,Apartment,4.0,22.0
2000.0,4,4.0,Unfurnished,"DDA Flats Vasant Kunj, Vasant Kunj Sector B",2.0,36500000,Ready_to_move,Resale,Apartment,8.0,500.0
1200.0,3,2.0,Semi-Furnished,"DDA Flats Vasant Kunj, Vasant Kunj carpet area 1200 sqft status Ready to Move floor 5 out of 7 floors transaction Resale furnishing Semi-Furnished facing North - West overlooking Garden/Park, Main Road society DDA Flats Vasant Kunj car parking 1 Covered, 1 Open bathroom 2 balcony 2 ownership Freehold A southEAST facing 3 bhk resale flat is available in the promising locality of sectorE vasant kunj vasant kunj, delhi south. It is a ready to move in spacious flat and is located on the 5th floor. Every single detail of the flat is carefully designed. This property offers quality specifications such as lifts, park, water storage and securityfire alar. It is a gated society flat. It provides a spectacular view of the main road and parkgarden. The apartment is priced at rs. 2 cr. It is a freehold property, with a super builtUp area of 1600 sq. Ft. The property price is negotiable. read more Contact Agent Enquire Now Share Feedback Crisil Silver Agent Link Properties Pvt. Ltd. 5000+ Buyers Served",1.0,20000000,Ready_to_move,Resale,Apartment,5.0,400.0
1100.0,2,2.0,Semi-Furnished,Vasant Kunj,1.0,15000000,Ready_to_move,Resale,Apartment,4.0,550.0
1400.0,3,2.0,Semi-Furnished,Vasant Kunj,2.0,25000000,Ready_to_move,New_Property,Apartment,5.0,466.6666666666667
1600.0,3,2.0,Semi-Furnished,"DDA Flats Vasant Kunj, Vasant Kunj",2.0,18500000,Ready_to_move,Resale,Apartment,5.0,533.3333333333334
1600.0,4,3.0,Unfurnished,"DDA Flats Pocket 1, Vasant Kunj Sector B",2.0,23500000,Ready_to_move,Resale,Apartment,7.0,400.0
600.0,1,1.0,Semi-Furnished,Vasant Kunj,1.0,8000000,Ready_to_move,New_Property,Apartment,2.0,600.0
1600.0,3,2.0,Unfurnished,"Saraswati Narmada Ganga Yamuna Apartment, Vasant Kunj Sector D",1.0,23000000,Ready_to_move,Resale,Apartment,5.0,533.3333333333334
2000.0,3,3.0,Unfurnished,"DDA Flats Vasant Kunj, Vasant Kunj",1.0,31000000,Ready_to_move,Resale,Apartment,6.0,666.6666666666666
650.0,1,2.0,Semi-Furnished,"DDA Flats Sector E Pocket 1, Vasant Kunj",1.0,7400000,Ready_to_move,Resale,Apartment,3.0,650.0
1100.0,2,2.0,Unfurnished,Vasant Kunj,1.0,15500000,Ready_to_move,Resale,Apartment,4.0,550.0
1075.0,2,2.0,Semi-Furnished,"DDA Flats Sector E Pocket 1, Vasant Kunj",2.0,12000000,Ready_to_move,New_Property,Apartment,4.0,537.5
1450.0,3,2.0,Semi-Furnished,"DDA Flats Vasant Kunj, Vasant Kunj Sector D",2.0,23500000,Ready_to_move,Resale,Apartment,5.0,483.3333333333333
1200.0,3,2.0,Semi-Furnished,Vasant Kunj Sector A,2.0,25000000,Ready_to_move,Resale,Apartment,5.0,400.0
600.0,1,2.0,Unfurnished,"E2 Vasant Kunj, Vasant Kunj",2.0,7000000,Ready_to_move,New_Property,Apartment,3.0,600.0
1000.0,2,2.0,Unfurnished,"DDA Flats Vasant Kunj, Vasant Kunj",1.0,17500000,Ready_to_move,Resale,Apartment,4.0,500.0
1600.0,3,2.0,Semi-Furnished,"Ganga Apartment Sector D Pocket 6, Vasant Kunj",1.0,25000000,Ready_to_move,Resale,Apartment,5.0,533.3333333333334
1750.0,4,4.0,Unfurnished,Vasant Kunj Sector C,1.0,29000000,Ready_to_move,New_Property,Apartment,8.0,437.5
1300.0,3,3.0,Semi-Furnished,"DDA Flats Sector E Pocket 1, Vasant Kunj",1.0,21900000,Ready_to_move,Resale,Apartment,6.0,433.3333333333333
550.0,1,2.0,Furnished,Vasant Kunj Sector D,1.0,7500000,Ready_to_move,Resale,Apartment,3.0,550.0
2200.0,4,3.0,Semi-Furnished,"DDA Flats Vasant Kunj, Vasant Kunj Sector C",2.0,23500000,Ready_to_move,Resale,Apartment,7.0,550.0
1100.0,2,2.0,Semi-Furnished,Vasant Kunj Sector C,2.0,24000000,Ready_to_move,Resale,Apartment,4.0,550.0
1700.0,3,2.0,Semi-Furnished,Vasant Kunj,2.0,31000000,Ready_to_move,Resale,Builder_Floor,5.0,566.6666666666666
1100.0,2,2.0,Semi-Furnished,Vasant Kunj,3.0,16500000,Ready_to_move,Resale,Apartment,4.0,550.0
1000.0,2,2.0,Furnished,"Kishangarh, Vasant Kunj",1.0,5000000,Ready_to_move,Resale,Builder_Floor,4.0,500.0
1350.0,3,2.0,Furnished,"DDA Pocket 1, Vasant Kunj Sector D",1.0,24000000,Ready_to_move,New_Property,Apartment,5.0,450.0
1184.0,2,2.0,Semi-Furnished,"Ganga Apartment Sector D Pocket 6, Vasant Kunj",1.0,17000000,Ready_to_move,Resale,Apartment,4.0,592.0
2000.0,4,2.0,Furnished,Vasant Kunj Sector B,1.0,40000000,Ready_to_move,New_Property,Apartment,6.0,500.0
3500.0,4,4.0,Semi-Furnished,Vasant Kunj,5.0,22500000,Ready_to_move,New_Property,Builder_Floor,8.0,875.0
900.0,3,3.0,Furnished,Vasant Kunj,2.0,20000000,Ready_to_move,Resale,Builder_Floor,6.0,300.0
450.0,2,2.0,Unknown,"Gandhi Nagar, Shahdara",Unknown,2900000,Ready_to_move,Resale,Unknown,4.0,225.0
540.0,5,2.0,Unknown,"Gandhi Nagar, Shahdara",Unknown,17000000,Ready_to_move,Resale,Unknown,7.0,108.0
1350.0,3,3.0,Unknown,"Gandhi Nagar, Shahdara",Unknown,25000000,Ready_to_move,Resale,Unknown,6.0,450.0
2250.0,3,2.0,Unknown,"Gandhi Nagar, Shahdara",Unknown,10000000,Ready_to_move,Resale,Unknown,5.0,750.0
1250.0,2,1.0,Semi-Furnished,"DDA Flats Mansarovar Park, Seelampur, Shahdara",Unknown,7500000,Ready_to_move,Resale,Apartment,3.0,625.0
504.0,3,1.0,Semi-Furnished,"Seelampur, Shahdara",Unknown,3600000,Ready_to_move,Resale,Apartment,4.0,168.0
65.0,3,2.0,Semi-Furnished,"Shanti Mohalla, Shahdara",Unknown,35000000,Ready_to_move,New_Property,Apartment,5.0,21.666666666666668
450.0,2,1.0,Unfurnished,"Seelampur, Shahdara",Unknown,6000000,Ready_to_move,Resale,Apartment,3.0,225.0
1800.0,4,2.0,Furnished,"Rajgarh Colony, Shahdara",Unknown,17500000,Ready_to_move,Resale,Builder_Floor,6.0,450.0
1800.0,4,3.0,Furnished,"Kanti Nagar East, Shahdara",Unknown,35000000,Ready_to_move,Resale,Builder_Floor,7.0,450.0
1530.0,5,2.0,Furnished,"Raghubarpura, Shahdara",Unknown,10200000,Ready_to_move,Resale,Builder_Floor,7.0,306.0
1750.0,4,4.0,Unfurnished,Vasant Kunj Sector C,1.0,29000000,Ready_to_move,New_Property,Apartment,8.0,437.5
2210.0,4,3.0,Semi-Furnished,"Sukhdev Vihar, Okhla",1.0,41000000,Ready_to_move,Resale,Builder_Floor,7.0,552.5
760.0,3,2.0,Furnished,Geeta Colony,1.0,6000000,Ready_to_move,Resale,Builder_Floor,5.0,253.33333333333334
400.0,2,1.0,Furnished,Krishna Nagar Block A,1.0,2500000,Ready_to_move,New_Property,Apartment,3.0,200.0
380.0,1,1.0,Unfurnished,Geeta Colony,1.0,2200000,Ready_to_move,Resale,Builder_Floor,2.0,380.0
904.1676,2,2.0,Furnished,"Taj Enclave, Khairatabad",1.0,21500000,Ready_to_move,New_Property,Apartment,4.0,452.0838
900.0,4,1.0,Furnished,"Shastri Park, Shahdara",1.0,15000000,Ready_to_move,Resale,Apartment,5.0,225.0
810.0,5,6.0,Furnished,Geeta Colony,1.0,28900000,Ready_to_move,Resale,Apartment,11.0,162.0
100.0,3,2.0,Unfurnished,Geeta Colony,1.0,5500000,Ready_to_move,Resale,Builder_Floor,5.0,33.333333333333336
50.0,2,1.0,Semi-Furnished,"Shastri Park, Shahdara",1.0,1950000,Ready_to_move,New_Property,Apartment,3.0,25.0
58.0,2,1.0,Unfurnished,Geeta Colony,1.0,3800000,Ready_to_move,Resale,Apartment,3.0,29.0
900.0,2,1.0,Semi-Furnished,"Sitaram Bazar, Chandni Chowk",1.0,6200000,Ready_to_move,New_Property,Builder_Floor,3.0,450.0
1650.0,4,3.0,Furnished,Shahdara,1.0,14000000,Almost_ready,New_Property,Apartment,7.0,412.5
1000.0,2,2.0,Unfurnished,Laxmi Nagar,1.0,7500000,Ready_to_move,Resale,Apartment,4.0,500.0
852.0,2,2.0,Unfurnished,Shahdara How Auctions work? The borrower has the physical possession of the Property. However the lender (Bank) can legally sell the Property. super area 852 sqft status Ready to Move transaction Resale ownership Freehold bathroom 2 Contact Now Enquire Now Auction By,1.0,2670000,Ready_to_move,Resale,Apartment,4.0,426.0
700.0,2,2.0,Semi-Furnished,Shahdara,1.0,2500000,Ready_to_move,Resale,Apartment,4.0,350.0
1000.0,2,2.0,Unfurnished,Laxmi Nagar,1.0,5000000,Ready_to_move,New_Property,Apartment,4.0,500.0
1700.0,4,3.0,Semi-Furnished,Saket,2.0,29500000,Ready_to_move,Resale,Builder_Floor,7.0,425.0
1350.0,3,2.0,Unfurnished,"Anupam Enclave, Saket",1.0,19000000,Ready_to_move,Resale,Builder_Floor,5.0,450.0
2100.0,4,3.0,Furnished,Saket,1.0,25500000,Ready_to_move,Resale,Apartment,7.0,525.0
2600.0,4,4.0,Semi-Furnished,Saket,3.0,75000000,Ready_to_move,New_Property,Builder_Floor,8.0,650.0
3000.0,4,5.0,Semi-Furnished,Saket,4.0,75000000,Ready_to_move,New_Property,Builder_Floor,9.0,750.0
1450.0,3,3.0,Semi-Furnished,"RWA Flats, Saket",1.0,34000000,Almost_ready,New_Property,Builder_Floor,6.0,483.3333333333333
2050.0,4,4.0,Semi-Furnished,Saket,1.0,47500000,Ready_to_move,New_Property,Builder_Floor,8.0,512.5
3000.0,4,5.0,Semi-Furnished,"Metrotech Builder Floors, Saket",3.0,75000000,Ready_to_move,New_Property,Builder_Floor,9.0,750.0
1800.0,3,3.0,Semi-Furnished,"Saket Court Residential Complex, Saket",2.0,23000000,Ready_to_move,Resale,Apartment,6.0,600.0
900.0,3,2.0,Semi-Furnished,"Press Enclave Society, Saket",1.0,24000000,Ready_to_move,Resale,Apartment,5.0,300.0
1500.0,3,2.0,Semi-Furnished,"RWA Flats, Saket",2.0,21500000,Ready_to_move,Resale,Apartment,5.0,500.0
1500.0,3,2.0,Semi-Furnished,Saket,1.0,28500000,Ready_to_move,New_Property,Builder_Floor,5.0,500.0
1800.0,4,4.0,Semi-Furnished,"Project Paryavaran Complex, Saket",1.0,12500000,Ready_to_move,Resale,Builder_Floor,8.0,450.0
1674.0,3,3.0,Unfurnished,Saket,1.0,45000000,Ready_to_move,Resale,Builder_Floor,6.0,558.0
2025.0,4,3.0,Furnished,Saket,2.0,30500000,Ready_to_move,Resale,Builder_Floor,7.0,506.25
1300.0,3,3.0,Semi-Furnished,Saket,3.0,22500000,Ready_to_move,Resale,Builder_Floor,6.0,433.3333333333333
990.0,3,3.0,Furnished,"Press Enclave Society, Saket",1.0,28000000,Ready_to_move,Resale,Apartment,6.0,330.0
2100.0,3,4.0,Semi-Furnished,Saket,2.0,25000000,Ready_to_move,Resale,Builder_Floor,7.0,700.0
2250.0,4,4.0,Semi-Furnished,Saket,2.0,33700000,Ready_to_move,Resale,Builder_Floor,8.0,562.5
1500.0,3,3.0,Semi-Furnished,Saket,1.0,27000000,Ready_to_move,Resale,Builder_Floor,6.0,500.0
2700.0,4,4.0,Semi-Furnished,Saket,2.0,43500000,Ready_to_move,New_Property,Builder_Floor,8.0,675.0
1700.0,3,3.0,Semi-Furnished,"RWA Flats, Saket",2.0,29000000,Ready_to_move,New_Property,Builder_Floor,6.0,566.6666666666666
1700.0,3,3.0,Semi-Furnished,Saket,2.0,30000000,Ready_to_move,Resale,Builder_Floor,6.0,566.6666666666666
2050.0,4,4.0,Semi-Furnished,Saket,2.0,52100000,Ready_to_move,New_Property,Apartment,8.0,512.5
1800.0,3,3.0,Unfurnished,Saket,1.0,32500000,Ready_to_move,New_Property,Builder_Floor,6.0,600.0
1500.0,3,2.0,Semi-Furnished,Saket,1.0,20500000,Ready_to_move,Resale,Apartment,5.0,500.0
2000.0,4,3.0,Semi-Furnished,Saket,1.0,25000000,Ready_to_move,Resale,Apartment,7.0,500.0
1500.0,3,3.0,Semi-Furnished,Saket,2.0,30000000,Ready_to_move,Resale,Builder_Floor,6.0,500.0
24300.0,4,5.0,Semi-Furnished,Saket,2.0,51000000,Ready_to_move,Resale,Builder_Floor,9.0,6075.0
2475.0,4,4.0,Semi-Furnished,Saket,1.0,31000000,Ready_to_move,Resale,Builder_Floor,8.0,618.75
1800.0,3,3.0,Semi-Furnished,Safdarjung Enclave,Unknown,37500000,Ready_to_move,New_Property,Builder_Floor,6.0,600.0
1300.0,3,3.0,Semi-Furnished,"Arjun Nagar, Safdarjung Enclave",1.0,32500000,Ready_to_move,New_Property,Builder_Floor,6.0,433.3333333333333
1500.0,3,3.0,Semi-Furnished,Safdarjung Enclave,4.0,37500000,Ready_to_move,New_Property,Builder_Floor,6.0,500.0
2100.0,4,4.0,Semi-Furnished,Safdarjung Enclave,3.0,55000000,Ready_to_move,New_Property,Builder_Floor,8.0,525.0
1800.0,4,4.0,Semi-Furnished,Safdarjung Enclave,2.0,87500000,Ready_to_move,New_Property,Builder_Floor,8.0,450.0
1100.0,2,2.0,Unfurnished,Safdarjung Enclave,1.0,16300000,Ready_to_move,Resale,Apartment,4.0,550.0
2035.0,4,4.0,Unfurnished,Safdarjung Enclave,2.0,65000000,Ready_to_move,New_Property,Builder_Floor,8.0,508.75
1100.0,3,3.0,Unfurnished,"Safdarjung Enclave carpet area 1100 sqft status Ready to Move floor Ground out of 4 floors transaction Resale furnishing Unfurnished facing North - East overlooking Garden/Park, Main Road car parking 1 Covered, 1 Open bathroom 3 balcony 3 ownership Freehold if you are searching for your dream house, congratulation. you're not so far from your destiny. we got unbeatable ground floor in b-block safdarjung enclave for sale. it is in 150 yds. It has 3 large king sized bedroom attached bathroom with Jacuzzi and roof top shower with all other fittings. it has modular kitchen with all needed facility. it has 3 big balcony with amazing out side view. it has 1 servant quarter also. it has 1 reserved car parking with gated society. It has 24*7 water supply with full power backup. for more information contact us at once because it can be your dream house. read more Contact Agent View Phone No. Share Feedback Crisil Silver Agent Sagar Home Developers Pvt. Ltd. 1000+ Buyers Served",1.0,25000000,Ready_to_move,Resale,Builder_Floor,6.0,366.6666666666667
1550.0,3,3.0,Semi-Furnished,Safdarjung Enclave,1.0,38000000,Ready_to_move,New_Property,Builder_Floor,6.0,516.6666666666666
700.0,2,2.0,Unfurnished,Safdarjung Enclave,1.0,15000000,Ready_to_move,Resale,Builder_Floor,4.0,350.0
150.0,2,1.0,Semi-Furnished,"Arjun Nagar, Safdarjung Enclave",1.0,2000000,Ready_to_move,Resale,Apartment,3.0,75.0
540.0,1,1.0,Unfurnished,"Arjun Nagar, Safdarjung Enclave",1.0,3000000,Ready_to_move,Resale,Builder_Floor,2.0,540.0
810.0,2,2.0,Semi-Furnished,Krishna Nagar-Safdarjung Enclave,1.0,8500000,Ready_to_move,Resale,Builder_Floor,4.0,405.0
3250.0,4,4.0,Semi-Furnished,"Safdarjung Enclave carpet area 3250 sqft status Ready to Move floor 1 out of 4 floors transaction Resale furnishing Semi-Furnished facing North - East overlooking Garden/Park, Main Road car parking 1 Covered bathroom 4 balcony 3 ownership Freehold Near Buy Green park Metro station. The location of the property is Awesome and Peaceful. The construction is very Highend and Very tasteful Done-up. The Same property is location on the FF. 4 Side corner read more Contact Agent Enquire Now Share Feedback Crisil Silver Agent Findahouse Real Estate Consultants LLP 2000+ Buyers Served",1.0,55000000,Ready_to_move,Resale,Builder_Floor,8.0,812.5
1600.0,3,3.0,Semi-Furnished,Safdarjung Enclave,2.0,22500000,Ready_to_move,Resale,Builder_Floor,6.0,533.3333333333334
4000.0,4,4.0,Semi-Furnished,Safdarjung Enclave,1.0,72500000,Ready_to_move,Resale,Builder_Floor,8.0,1000.0
5500.0,6,7.0,Furnished,Safdarjung Enclave,1.0,160000000,Ready_to_move,Resale,Apartment,13.0,916.6666666666666
900.0,3,3.0,Semi-Furnished,Krishna Nagar-Safdarjung Enclave,1.0,12500000,Ready_to_move,New_Property,Builder_Floor,6.0,300.0
972.0,2,2.0,Semi-Furnished,Safdarjung Enclave,1.0,17000000,Ready_to_move,Resale,Apartment,4.0,486.0
4150.0,4,4.0,Unfurnished,Safdarjung Enclave,3.0,82500000,Ready_to_move,New_Property,Builder_Floor,8.0,1037.5
2250.0,4,5.0,Semi-Furnished,Safdarjung Enclave,2.0,55000000,Ready_to_move,New_Property,Builder_Floor,9.0,562.5
1650.0,3,3.0,Semi-Furnished,Safdarjung Enclave,1.0,35000000,Ready_to_move,New_Property,Builder_Floor,6.0,550.0
2610.0,4,4.0,Semi-Furnished,Safdarjung Enclave carpet area 290 sqyrd status Ready to Move floor 2 out of 3 floors transaction Resale furnishing Semi-Furnished facing West overlooking Main Road car parking 2 Open bathroom 4 balcony 3 ownership Freehold Opposite Deer Park.The property comes with independent Terrace. The area is centrally located and close to ring road which allows easy acess to all other areas.Renowned Delhi Lawn Tennis Association is within 10 minutes walking distance.Green park market is walkable distance. read more Contact Owner View Phone No. Share Feedback Owner Hemant pajankar,2.0,42500000,Ready_to_move,Resale,Builder_Floor,8.0,652.5
600.0,2,2.0,Semi-Furnished,"Arjun Nagar, Safdarjung Enclave",1.0,4700000,Ready_to_move,Resale,Builder_Floor,4.0,300.0
1700.0,4,5.0,Unfurnished,Safdarjung Enclave,2.0,52500000,Ready_to_move,Resale,Builder_Floor,9.0,425.0
2250.0,4,4.0,Semi-Furnished,Safdarjung Enclave,3.0,80000000,Ready_to_move,New_Property,Builder_Floor,8.0,562.5
880.0,3,2.0,Unfurnished,"Arjun Nagar, Safdarjung Enclave",1.0,11000000,Ready_to_move,Resale,Builder_Floor,5.0,293.3333333333333
4200.0,4,5.0,Semi-Furnished,Safdarjung Enclave,3.0,74000000,Ready_to_move,New_Property,Builder_Floor,9.0,1050.0
1450.0,3,3.0,Semi-Furnished,"Safdarjung Enclave carpet area 1450 sqft status Ready to Move floor 3 out of 4 floors transaction Resale furnishing Semi-Furnished facing North - East overlooking Garden/Park, Main Road car parking 1 Covered, 1 Open bathroom 3 balcony 2 ownership Freehold Park facing builder floor apartment available for sale in safderjung enclave, 3 bedroom with attached bathroom, drawing dinning, modular kitchen. the property is on the top floor of a four storey building with terrace right, servant quarter, 1 car parking in stilt. read more Contact Agent View Phone No. Share Feedback Agent Delhi Homes Realty 1000+ Buyers Served",1.0,37500000,Ready_to_move,Resale,Builder_Floor,6.0,483.3333333333333
2200.0,4,4.0,Semi-Furnished,"Safdarjung Enclave super area 2200 sqft status Ready to Move floor 2 out of 4 floors transaction New Property furnishing Semi-Furnished facing South overlooking Main Road car parking 3 Covered, 2 Open bathroom 4 balcony 3 ownership Freehold Newly Constructed Property Wide Road 450 Yards 2nd floor brand new 4 bhk attached bathrooms with full lighted and ventilated house.Most Valuable DealSEE TO BELIEVE read more Contact Agent View Phone No. Share Feedback Crisil Bronze Agent Panchsheel Homes 500+ Buyers Served",3.0,52500000,Ready_to_move,New_Property,Builder_Floor,8.0,550.0
1620.0,3,3.0,Semi-Furnished,"Reserve Bank Enclave, Paschim Vihar",Unknown,26000000,Ready_to_move,New_Property,Builder_Floor,6.0,540.0
1078.0,3,2.0,Unfurnished,Paschim Vihar,1.0,15500000,Ready_to_move,New_Property,Builder_Floor,5.0,359.3333333333333
1710.0,3,3.0,Unfurnished,"Pushkar Enclave, Paschim Vihar",1.0,22000000,Ready_to_move,Resale,Builder_Floor,6.0,570.0
1150.0,3,3.0,Semi-Furnished,Paschim Vihar Block B2,1.0,21000000,Ready_to_move,Resale,Builder_Floor,6.0,383.3333333333333
450.0,2,2.0,Semi-Furnished,"Paschimpuri, Paschim Vihar",1.0,5000000,Ready_to_move,Resale,Builder_Floor,4.0,225.0
1818.0,3,3.0,Unfurnished,Paschim Vihar,1.0,22000000,Ready_to_move,Resale,Builder_Floor,6.0,606.0
1800.0,3,2.0,Unfurnished,Paschim Vihar Block B4,1.0,26500000,Ready_to_move,Resale,Builder_Floor,5.0,600.0
780.0,2,2.0,Unfurnished,Paschim Vihar How Auctions work? The borrower has the physical possession of the Property. However the lender (Bank) can legally sell the Property. carpet area 780 sqft status Ready to Move floor Ground out of 3 floors transaction Resale furnishing Unfurnished facing West bathroom 2 balcony 1 ownership Freehold Contact Now Enquire Now Auction By Bank,1.0,8770000,Ready_to_move,Resale,Builder_Floor,4.0,390.0
405.0,1,1.0,Semi-Furnished,"DDA Lig Flats, Paschim Vihar carpet area 45 sqyrd status Ready to Move floor 4 out of 4 floors transaction Resale furnishing Semi-Furnished facing East overlooking Garden/Park, Main Road society DDA Lig Flats bathroom 1 balcony 1 ownership Freehold East Facing Property Expected price for the Flat is kept at 45 Lac. This is a 1 bedroom apartment present in DDA Lig Flats, Paschim Vihar. It measures an area of 45 Sq-m. It is on 4 floor out of 4 floors in the tower and is also well ventilated. The Flat has 1 washroom and also has 1 spacious balcony. read more Contact Owner View Phone No. Share Feedback Owner Anil",1.0,4500000,Ready_to_move,Resale,Apartment,2.0,405.0
900.0,2,3.0,Semi-Furnished,Paschim Vihar,1.0,8500000,Ready_to_move,Resale,Apartment,5.0,450.0
807.2925,2,2.0,Unfurnished,"Archana Apartment, Paschim Vihar",1.0,8600000,Ready_to_move,Resale,Apartment,4.0,403.64625
2700.0,4,3.0,Semi-Furnished,"Guru Harikishan Nagar, Paschim Vihar",1.0,42500000,Ready_to_move,Resale,Builder_Floor,7.0,675.0
1100.0,3,2.0,Semi-Furnished,Paschim Vihar,2.0,13100000,Ready_to_move,Resale,Apartment,5.0,366.6666666666667
585.0,2,2.0,Unfurnished,"Paschimpuri, Paschim Vihar",2.0,7000000,Ready_to_move,Resale,Apartment,4.0,292.5
2152.78,3,3.0,Furnished,"Mianwali Nagar, Paschim Vihar",2.0,30000000,Ready_to_move,New_Property,Builder_Floor,6.0,717.5933333333334
960.0,2,2.0,Semi-Furnished,"Navbharat Apartment, Paschim Vihar Block B1",2.0,13000000,Ready_to_move,Resale,Apartment,4.0,480.0
1800.0,4,3.0,Unfurnished,Paschim Vihar Block A2,2.0,23100000,Ready_to_move,Resale,Builder_Floor,7.0,450.0
1100.0,3,2.0,Semi-Furnished,Paschim Vihar,1.0,16000000,Ready_to_move,Resale,Apartment,5.0,366.6666666666667
900.0,2,2.0,Unfurnished,Paschim Vihar,1.0,12500000,Ready_to_move,Resale,Builder_Floor,4.0,450.0
1620.0,3,3.0,Furnished,"LIC Colony, Paschim Vihar",1.0,24500000,Ready_to_move,New_Property,Builder_Floor,6.0,540.0
378.0,1,1.0,Unfurnished,"Paschimpuri, Paschim Vihar",1.0,3200000,Ready_to_move,Resale,Apartment,2.0,378.0
800.0,3,2.0,Unfurnished,"DDA Lig Flats, Paschim Vihar",1.0,6300000,Ready_to_move,Resale,Apartment,5.0,266.6666666666667
1350.0,3,3.0,Semi-Furnished,"Pushkar Enclave, Paschim Vihar",1.0,15000000,Ready_to_move,Resale,Builder_Floor,6.0,450.0
850.0,3,3.0,Unfurnished,"Paschim Vihar carpet area 850 sqft status Ready to Move floor 2 out of 4 floors transaction Resale furnishing Unfurnished facing North overlooking Garden/Park bathroom 3 balcony 1 ownership Freehold If you want to live a contended, pollution-free and peaceful life with your family and children, here is the once in a lifetime opportunity awaiting your attention!! Presenting a 3BHK ready to move flat up for sale in Paschim Vihar, which is becoming a dream residential area for its ability to provide a slice of authentic New Delhi city life. Property SpecificationsWell-knitted and planned on the super area of 900 sq ft is this 2bhk flat where the owner enjoys the complete rights of the freehold ownership. In a low-rise building of four-floors, this impressive infrastructure is positioned on the second floor, hence the residents can experience the greatest possible cross ventilation and natural sunlight.Though the age of construction is between 15-20 years, this north-facing flat is perfectly maintained and features 3 spacious bedrooms, 2 bathrooms, 2 airy balconies, a dining room, a living room, and a kitchen. All the bedrooms are adorned with decorative wardrobes offered with enough space for storage of clothes and other valuables.The attached toilet is designed in Indian fashion which is mounted-up with a geyser where you can enjoy a hot water bath, while the bathroom available for common use fashioned in the western genre.Further, an eye-catching view of the lush green garden is visible from the two well-aligned balconies where you can enjoy a hot cup of tea, where one balcony is connected to the bedroom, while the other balcony opens to the lobby. Bedecked with a granite countertop, a piped gas connection, and a chimney, the contemporarily designed modular kitchen is also provided with a wash area and also sufficient space for fridge.The entire flat is polished up with the good quality tiles which are easy to install and can be quite pleasant and comfortable underfoot.FacilitiesKeeping in mind the convenience of the residents, some of the basic facilities such as an unrestricted supply of water, and power backup with invertor. Additionally, one open parking space for 1 vehicle read more Contact Owner Share Feedback Owner Yogeet",1.0,5700000,Ready_to_move,Resale,Apartment,6.0,283.3333333333333
1580.0,3,2.0,Furnished,"Shubh Niketan, Paschim Vihar",1.0,21000000,Ready_to_move,Resale,Apartment,5.0,526.6666666666666
820.0,2,3.0,Unfurnished,Paschim Vihar,1.0,7500000,Ready_to_move,Resale,Apartment,5.0,410.0
594.0,2,1.0,Semi-Furnished,"Ashoka Apartment, Paschim Vihar Block A2",1.0,6500000,Ready_to_move,Resale,Apartment,3.0,297.0
14220.0,3,3.0,Semi-Furnished,Paschim Vihar Block B4,1.0,27500000,Ready_to_move,New_Property,Builder_Floor,6.0,4740.0
800.0,3,2.0,Unfurnished,"Guru Harikishan Nagar, Paschim Vihar",1.0,12000000,Ready_to_move,Resale,Builder_Floor,5.0,266.6666666666667
1500.0,3,2.0,Semi-Furnished,"Sunder Apartments, Sunder Vihar, Paschim Vihar",2.0,18000000,Ready_to_move,Resale,Apartment,5.0,500.0
1600.0,3,3.0,Semi-Furnished,"Ashirwad Apartments, Dwarka",1.0,15600000,Ready_to_move,Resale,Apartment,6.0,533.3333333333334
1650.0,3,3.0,Semi-Furnished,"Rajasthan Apartment, Aashirwaad Chowk, Dwarka",1.0,15500000,Ready_to_move,Resale,Apartment,6.0,550.0
1600.0,3,3.0,Semi-Furnished,"Rajasthan Apartment, Aashirwaad Chowk, Dwarka",1.0,15200000,Ready_to_move,Resale,Apartment,6.0,533.3333333333334
1900.0,3,3.0,Furnished,"Gold Croft Apartment, Aashirwaad Chowk, Dwarka",1.0,25000000,Ready_to_move,Resale,Apartment,6.0,633.3333333333334
1400.0,3,2.0,Furnished,"Chanakya Apartments, Aashirwaad Chowk, Dwarka",1.0,15000000,Ready_to_move,Resale,Apartment,5.0,466.6666666666667
1550.0,3,2.0,Semi-Furnished,"Bank Apartments, Aashirwaad Chowk, Dwarka carpet area 1550 sqft status Ready to Move floor 7 out of 7 floors transaction Resale furnishing Semi-Furnished facing North - East overlooking Garden/Park, Main Road society Bank Apartments car parking 1 Covered, 1 Open bathroom 2 balcony 3 ownership Freehold A spacious 3 Bedroom flat is available for sale in Dwarka , New Delhi.it is cornor building plenty of sunlight and airy. It is located on the 2 Floor. It has a covered area of 1500 Sq-ft. The flat has vitrified tiles & Mosiac flooring. The flat has 24 Hours Available water supply and No/Rare Powercut.. The property is fantastically located and is much sought-after. The property is available at a very competitive Price. read more Contact Agent View Phone No. Share Feedback Sikka Realtors Has Maximum Property Options Is the Top Agent of the Locality Is Trusted by All Users CRISIL Rating No of employees 12 Sikka Realtors Certified Agent Locality Superstar Aashirwaad Chowk, Dwarka 2500+ Buyers Served",1.0,15800000,Ready_to_move,Resale,Apartment,5.0,516.6666666666666
2000.0,4,3.0,Furnished,"Mohinder Apartments, Aashirwaad Chowk, Dwarka",1.0,31500000,Ready_to_move,Resale,Apartment,7.0,500.0
1500.0,3,3.0,Semi-Furnished,"Bank Apartments, Aashirwaad Chowk, Dwarka",1.0,14000000,Ready_to_move,Resale,Apartment,6.0,500.0
1550.0,3,2.0,Semi-Furnished,"Aashirwaad Chowk, Dwarka",1.0,13200000,Ready_to_move,Resale,Apartment,5.0,516.6666666666666
1600.0,3,2.0,Semi-Furnished,"Bank Apartments, Aashirwaad Chowk, Dwarka",1.0,15800000,Ready_to_move,Resale,Apartment,5.0,533.3333333333334
1600.0,3,3.0,Unfurnished,"Saheta Apartment, Aashirwaad Chowk, Dwarka",1.0,16200000,Ready_to_move,Resale,Apartment,6.0,533.3333333333334
1800.0,3,2.0,Semi-Furnished,"Pushpanjali Apartments, Aashirwaad Chowk, Dwarka",1.0,15500000,Ready_to_move,Resale,Apartment,5.0,600.0
1470.0,3,2.0,Semi-Furnished,"Aashirwaad Chowk, Dwarka",1.0,14500000,Ready_to_move,Resale,Apartment,5.0,490.0
1500.0,3,2.0,Semi-Furnished,"Aashirwaad Chowk, Dwarka",1.0,14900000,Ready_to_move,Resale,Apartment,5.0,500.0
1750.0,3,3.0,Furnished,"Green Heavens Apartment, Aashirwaad Chowk, Dwarka",1.0,17200000,Ready_to_move,Resale,Apartment,6.0,583.3333333333334
1650.0,3,3.0,Furnished,"Hum Sub Apartment, Aashirwaad Chowk, Dwarka",1.0,18000000,Ready_to_move,Resale,Apartment,6.0,550.0
1850.0,3,2.0,Semi-Furnished,"Aashirwaad Chowk, Dwarka",1.0,15500000,Ready_to_move,Resale,Apartment,5.0,616.6666666666666
1480.0,3,2.0,Furnished,"Bank Apartments, Aashirwaad Chowk, Dwarka",1.0,15800000,Ready_to_move,Resale,Apartment,5.0,493.3333333333333
1214.0,2,2.0,Furnished,"Defence Officers Apartment, Aashirwaad Chowk, Dwarka",1.0,12600000,Ready_to_move,Resale,Apartment,4.0,607.0
1380.0,3,2.0,Semi-Furnished,"Aashirwaad Chowk, Dwarka",1.0,15000000,Ready_to_move,Resale,Apartment,5.0,460.0
1600.0,4,2.0,Furnished,"Sanchar Vihar Apartment, Aashirwaad Chowk, Dwarka",1.0,19500000,Ready_to_move,Resale,Apartment,6.0,400.0
1585.0,3,3.0,Semi-Furnished,"Sarve Satyam Apartment, Aashirwaad Chowk, Dwarka",1.0,16600000,Ready_to_move,Resale,Apartment,6.0,528.3333333333334
1700.0,3,3.0,Semi-Furnished,"Aashirwaad Chowk, Dwarka",1.0,17200000,Ready_to_move,Resale,Apartment,6.0,566.6666666666666
1200.0,2,2.0,Semi-Furnished,"Palm Green Apartment, Aashirwaad Chowk, Dwarka",1.0,13000000,Ready_to_move,Resale,Apartment,4.0,600.0
1800.0,4,3.0,Semi-Furnished,"Neelachal, Aashirwaad Chowk, Dwarka",1.0,16500000,Ready_to_move,Resale,Apartment,7.0,450.0
1000.0,2,2.0,Semi-Furnished,"Kailash Apartments, Aashirwaad Chowk, Dwarka",1.0,10700000,Ready_to_move,Resale,Apartment,4.0,500.0
1500.0,3,2.0,Furnished,"New Jyoti Apartments, Aashirwaad Chowk, Dwarka",1.0,16200000,Ready_to_move,Resale,Apartment,5.0,500.0
1700.0,3,2.0,Furnished,"Green Heavens Apartment, Aashirwaad Chowk, Dwarka",1.0,16500000,Ready_to_move,Resale,Apartment,5.0,566.6666666666666
1750.0,3,2.0,Furnished,"PNB Employees Apartment, Aashirwaad Chowk, Dwarka",1.0,14900000,Ready_to_move,Resale,Apartment,5.0,583.3333333333334
2700.0,4,3.0,Furnished,"Sadbhawna CGHS, Aashirwaad Chowk, Dwarka",1.0,27500000,Ready_to_move,Resale,Apartment,7.0,675.0
3050.0,5,6.0,Semi-Furnished,Commonwealth Games Village 2010,Unknown,62500000,Ready_to_move,Resale,Apartment,11.0,610.0
3405.0,5,5.0,Semi-Furnished,"Common Wealth Games Village, Commonwealth Games Village 2010",3.0,70000000,Ready_to_move,Resale,Apartment,10.0,681.0
1500.0,3,3.0,Semi-Furnished,Commonwealth Games Village 2010,3.0,35500000,Ready_to_move,Resale,Apartment,6.0,500.0
2105.0,3,3.0,Unfurnished,"Common Wealth Games Village, Commonwealth Games Village 2010",3.0,42100000,Ready_to_move,Resale,Apartment,6.0,701.6666666666666
2500.0,4,5.0,Semi-Furnished,"Project Commonwealth Games Village 2010, Akshardham Temple",3.0,42500000,Ready_to_move,Resale,Apartment,9.0,625.0
2090.0,3,4.0,Semi-Furnished,"Common Wealth Games Village, Commonwealth Games Village 2010",2.0,44000000,Ready_to_move,Resale,Apartment,7.0,696.6666666666666
2525.0,4,5.0,Semi-Furnished,"Project Commonwealth Games Village 2010, Commonwealth Games Village 2010",3.0,43200000,Ready_to_move,Resale,Apartment,9.0,631.25
2500.0,4,4.0,Semi-Furnished,"Project Commonwealth Games Village 2010, Commonwealth Games Village 2010",2.0,52500000,Ready_to_move,Resale,Apartment,8.0,625.0
2100.0,3,4.0,Furnished,"Common Wealth Games Village, Commonwealth Games Village 2010",2.0,34300000,Ready_to_move,Resale,Apartment,7.0,700.0
2022.0,3,3.0,Semi-Furnished,"Project Commonwealth Games Village 2010, Akshardham Temple",2.0,38000000,Ready_to_move,Resale,Apartment,6.0,674.0
2650.0,4,5.0,Furnished,Commonwealth Games Village 2010,2.0,52500000,Ready_to_move,Resale,Apartment,9.0,662.5
1850.0,3,3.0,Unfurnished,"Common Wealth Games Village, Commonwealth Games Village 2010",2.0,37500000,Ready_to_move,Resale,Apartment,6.0,616.6666666666666
2100.0,3,3.0,Semi-Furnished,"Common Wealth Games Village, Commonwealth Games Village 2010",2.0,37000000,Ready_to_move,Resale,Apartment,6.0,700.0
1700.0,3,4.0,Semi-Furnished,Commonwealth Games Village 2010,2.0,40000000,Ready_to_move,Resale,Apartment,7.0,566.6666666666666
2105.0,3,3.0,Semi-Furnished,"Common Wealth Games Village, Commonwealth Games Village 2010",2.0,36200000,Ready_to_move,Resale,Apartment,6.0,701.6666666666666
1250.0,2,3.0,Semi-Furnished,"Common Wealth Games Village, Commonwealth Games Village 2010",1.0,29000000,Ready_to_move,Resale,Apartment,5.0,625.0
2552.0,4,5.0,Furnished,"Project Commonwealth Games Village 2010, Commonwealth Games Village 2010",3.0,42500000,Ready_to_move,New_Property,Apartment,9.0,638.0
3112.0,5,6.0,Semi-Furnished,Commonwealth Games Village 2010,3.0,60000000,Ready_to_move,Resale,Apartment,11.0,622.4
2125.0,3,3.0,Semi-Furnished,"Project Commonwealth Games Village 2010, Commonwealth Games Village 2010",2.0,36500000,Ready_to_move,Resale,Apartment,6.0,708.3333333333334
2065.0,3,4.0,Semi-Furnished,"Common Wealth Games Village, Commonwealth Games Village 2010",2.0,42500000,Ready_to_move,Resale,Apartment,7.0,688.3333333333334
3405.0,5,4.0,Semi-Furnished,"Common Wealth Games Village, Commonwealth Games Village 2010",3.0,71500000,Ready_to_move,Resale,Apartment,9.0,681.0
3050.0,5,5.0,Semi-Furnished,"Common Wealth Games Village, Commonwealth Games Village 2010",3.0,65000000,Ready_to_move,New_Property,Apartment,10.0,610.0
2300.0,5,6.0,Semi-Furnished,"Common Wealth Games Village, Commonwealth Games Village 2010",3.0,58000000,Ready_to_move,Resale,Apartment,11.0,460.0
1455.0,2,2.0,Semi-Furnished,Commonwealth Games Village 2010,2.0,27500000,Ready_to_move,Resale,Apartment,4.0,727.5
3400.0,5,5.0,Semi-Furnished,"Project Commonwealth Games Village 2010, Commonwealth Games Village 2010",3.0,70000000,Ready_to_move,New_Property,Apartment,10.0,680.0
3100.0,5,5.0,Semi-Furnished,"Common Wealth Games Village, Commonwealth Games Village 2010",3.0,65000000,Ready_to_move,Resale,Apartment,10.0,620.0
1400.0,2,3.0,Unfurnished,"Common Wealth Games Village, Commonwealth Games Village 2010",3.0,28600000,Ready_to_move,Resale,Apartment,5.0,700.0
2126.0,3,3.0,Semi-Furnished,"Common Wealth Games Village, Commonwealth Games Village 2010",2.0,39000000,Ready_to_move,Resale,Apartment,6.0,708.6666666666666
1815.0,3,3.0,Semi-Furnished,Commonwealth Games Village 2010,2.0,32500000,Ready_to_move,Resale,Apartment,6.0,605.0
1700.0,3,3.0,Unfurnished,"Project Commonwealth Games Village 2010, Commonwealth Games Village 2010",2.0,34000000,Ready_to_move,Resale,Apartment,6.0,566.6666666666666
700.0,2,2.0,Unfurnished,Alaknanda,Unknown,16500000,Ready_to_move,Resale,Apartment,4.0,350.0
980.0,2,2.0,Semi-Furnished,"Shivalik Apartments, Alaknanda",2.0,13800000,Ready_to_move,Resale,Apartment,4.0,490.0
1350.0,3,3.0,Semi-Furnished,"Narmada Apartment, Alaknanda",2.0,21000000,Ready_to_move,Resale,Apartment,6.0,450.0
1800.0,3,3.0,Semi-Furnished,"Gangotri Enclave, Alaknanda",2.0,22500000,Ready_to_move,Resale,Apartment,6.0,600.0
968.751,2,2.0,Semi-Furnished,"Aravali Apartments, Alaknanda",2.0,15000000,Ready_to_move,Resale,Apartment,4.0,484.3755
1250.0,3,3.0,Semi-Furnished,"Narmada Apartment, Alaknanda",2.0,20000000,Ready_to_move,New_Property,Apartment,6.0,416.6666666666667
1800.0,3,3.0,Furnished,"Aravali Apartments, Alaknanda",2.0,20000000,Ready_to_move,New_Property,Apartment,6.0,600.0
1400.0,3,2.0,Semi-Furnished,"Shivalik Apartments, Alaknanda",2.0,26000000,Ready_to_move,Resale,Builder_Floor,5.0,466.6666666666667
1000.0,3,3.0,Semi-Furnished,"Narmada Apartment, Alaknanda",2.0,19500000,Ready_to_move,Resale,Apartment,6.0,333.3333333333333
1800.0,4,2.0,Semi-Furnished,"Tara Apartment, Alaknanda",1.0,21500000,Ready_to_move,Resale,Apartment,6.0,450.0
1500.0,3,3.0,Unfurnished,Alaknanda,1.0,26500000,Ready_to_move,New_Property,Apartment,6.0,500.0
1600.0,3,3.0,Semi-Furnished,"Narmada Apartment, Alaknanda",2.0,20000000,Ready_to_move,Resale,Apartment,6.0,533.3333333333334
1400.0,3,3.0,Furnished,"Narmada Apartment, Alaknanda carpet area 1400 sqft status Ready to Move floor Ground out of 3 floors transaction Resale furnishing Furnished facing North - East overlooking Garden/Park, Main Road society Narmada Apartment car parking 1 Open bathroom 3 balcony 1 ownership Freehold Near Alaknanda Main Market & Greater Kailash Metro Station. A very good 3 bhk flat for sale in rwa Narmada Apartment, delhi south. It is a superb property and offers an excellent view. The flat is unfurnished. It promises a comfortable stay. It is feng shuivaastu compliant, which is considered to bring positive energy. The appeal of the flat has been increased with the availability of a pipedGa. Indeed, the society too has multiple facilities for enjoyment, such as club housecommunity center and fitness centregym etc. It also has rain water harvesting system. It has a super builtUp area of 180 sq. Yards. read more Contact Agent View Phone No. Share Feedback Agent Sulabh Estate",1.0,18000000,Ready_to_move,Resale,Apartment,6.0,466.6666666666667
1400.0,3,2.0,Unfurnished,Alaknanda,1.0,19000000,Ready_to_move,Resale,Apartment,5.0,466.6666666666667
2700.0,4,4.0,Unfurnished,Greater Kailash 4 Nri Colony,2.0,36500000,Ready_to_move,Resale,Builder_Floor,8.0,675.0
1100.0,2,2.0,Unfurnished,Alaknanda,2.0,15000000,Ready_to_move,Resale,Apartment,4.0,550.0
1200.0,2,2.0,Semi-Furnished,Alaknanda,2.0,17500000,Ready_to_move,Resale,Apartment,4.0,600.0
1400.0,2,2.0,Semi-Furnished,Alaknanda,2.0,14000000,Ready_to_move,Resale,Apartment,4.0,700.0
1500.0,3,3.0,Semi-Furnished,"Project Gangotri Enclave, Alaknanda",2.0,21000000,Ready_to_move,Resale,Apartment,6.0,500.0
1320.0,3,2.0,Unfurnished,Alaknanda,2.0,15600000,Ready_to_move,Resale,Apartment,5.0,440.0
1300.0,3,3.0,Unfurnished,"Project Gangotri Enclave, Gangotri Enclave, Alaknanda",2.0,19000000,Ready_to_move,Resale,Apartment,6.0,433.3333333333333
1150.0,2,2.0,Unfurnished,"Narmada Apartment, Alaknanda",1.0,16500000,Ready_to_move,Resale,Apartment,4.0,575.0
1440.0,3,3.0,Unfurnished,Alaknanda,1.0,19000000,Ready_to_move,Resale,Apartment,6.0,480.0
1400.0,2,2.0,Unfurnished,"Nilgiri Apartment, Alaknanda",1.0,16500000,Ready_to_move,Resale,Apartment,4.0,700.0
450.0,1,1.0,Semi-Furnished,Alaknanda,1.0,3000000,Ready_to_move,Resale,Builder_Floor,2.0,450.0
1300.0,2,2.0,Semi-Furnished,"Yamuna Apartment, Alaknanda",1.0,15000000,Ready_to_move,Resale,Apartment,4.0,650.0
1200.0,2,2.0,Unfurnished,"Nilgiri Apartment, Alaknanda",1.0,14300000,Ready_to_move,Resale,Apartment,4.0,600.0
1300.0,3,2.0,Unfurnished,"Nilgiri Apartment, Alaknanda",1.0,18500000,Ready_to_move,Resale,Apartment,5.0,433.3333333333333
1400.0,3,3.0,Furnished,"Tara Apartment, Alaknanda carpet area 1400 sqft status Ready to Move floor 2 out of 3 floors transaction Resale furnishing Furnished facing North - East overlooking Garden/Park society Tara Apartment car parking 1 Covered, 1 Open bathroom 3 balcony 4 ownership Freehold Near Alaknanda Main Market, Jamia Humderd University & Batra hospital. A very good 3 bhk flat for sale in rwa Tara Apartment, delhi south. It is a superb property and offers an excellent view. The flat is unfurnished. It promises a comfortable stay. It is feng shuivaastu compliant, which is considered to bring positive energy. The appeal of the flat has been increased with the availability of a pipedGa. Indeed, the society too has multiple facilities for enjoyment, such as club housecommunity center and fitness centregym etc. It also has rain water harvesting system. It has a super builtUp area of 180 sq. Yards. Other f read more Contact Agent View Phone No. Share Feedback Agent Sulabh Estate",1.0,19000000,Ready_to_move,Resale,Apartment,6.0,466.6666666666667
1400.0,3,3.0,Semi-Furnished,Alaknanda,1.0,19000000,Ready_to_move,Resale,Apartment,6.0,466.6666666666667
1500.0,3,2.0,Unknown,"Sarita Vihar, Mathura Road carpet area 1500 sqft status Ready to Move floor 2 out of 4 floors transaction Resale ownership Freehold overlooking Main Road car parking 1 Open bathroom 2 balcony 2 furnishing Unfurnished For sale second third duplex .spacious 3 bedrooms with 2 washrooms drawing and dining and moduler kitchen one scooter garrage. read more Contact Agent View Phone No. Share Feedback Shree Balaji Real Estate Pvt. Ltd. Has Maximum Property Options Is the Top Agent of the Locality Is Trusted by All Users 21 Property Options in Sarita Vihar, Mathura Road Shree Balaji Real Estate Pvt. Ltd. Certified Agent Locality Superstar Maximum options in Sarita Vihar, Mathura Road",1.0,13500000,Ready_to_move,Resale,Unknown,5.0,500.0
1600.0,4,2.0,Semi-Furnished,"DDA Flats, Sarita Vihar, Mathura Road carpet area 1600 sqft status Ready to Move floor 1 out of 4 floors transaction Resale furnishing Semi-Furnished facing North - East overlooking Main Road society DDA Flats car parking 2 Open bathroom 2 balcony 2 ownership Freehold For sale First second third duplex in sarita vihar DDA Flates . this house free hold property clear titel . this flate well maintained and spacious peacefull location . no issue light water and parking read more Contact Agent View Phone No. Share Feedback Shree Balaji Real Estate Pvt. Ltd. Has Maximum Property Options Is the Top Agent of the Locality Is Trusted by All Users 21 Property Options in Sarita Vihar, Mathura Road Shree Balaji Real Estate Pvt. Ltd. Certified Agent Locality Superstar Maximum options in Sarita Vihar, Mathura Road",2.0,15800000,Ready_to_move,Resale,Apartment,6.0,400.0
1200.0,10,4.0,Semi-Furnished,"DDA Flats Sarita Vihar, Sarita Vihar, Mathura Road",2.0,17000000,Ready_to_move,Resale,Apartment,14.0,120.0
1600.0,4,2.0,Semi-Furnished,"DDA Flats, Sarita Vihar, Mathura Road carpet area 1600 sqft status Ready to Move floor Ground out of 4 floors transaction Resale furnishing Semi-Furnished facing North - West overlooking Main Road society DDA Flats car parking 1 Open bathroom 2 balcony 2 ownership Freehold For slae Ground First Duplex in sarita vihar .posh locality in south delhi DDa coloney . This house spacious 4 bedrooms with 2 washrooms drawing and dinning . free hold proerty clear titel . near by all amnites . well develop location . read more Contact Agent View Phone No. Share Feedback Shree Balaji Real Estate Pvt. Ltd. Has Maximum Property Options Is the Top Agent of the Locality Is Trusted by All Users 21 Property Options in Sarita Vihar, Mathura Road Shree Balaji Real Estate Pvt. Ltd. Certified Agent Locality Superstar Maximum options in Sarita Vihar, Mathura Road",1.0,15500000,Ready_to_move,Resale,Apartment,6.0,400.0
1250.0,3,2.0,Semi-Furnished,"DDA Flats Sarita Vihar, Sarita Vihar, Mathura Road",2.0,16000000,Ready_to_move,Resale,Apartment,5.0,416.6666666666667
950.0,2,2.0,Furnished,"DDA Flats Sarita Vihar, Sarita Vihar, Mathura Road",2.0,12900000,Ready_to_move,Resale,Apartment,4.0,475.0
1200.0,3,3.0,Furnished,"DDA Flats Sarita Vihar, Sarita Vihar, Mathura Road",2.0,13500000,Ready_to_move,Resale,Apartment,6.0,400.0
1400.0,4,2.0,Furnished,"DDA Flats Sarita Vihar, Sarita Vihar, Mathura Road",2.0,17800000,Ready_to_move,Resale,Apartment,6.0,350.0
950.0,2,2.0,Furnished,"DDA Flats Sarita Vihar, Sarita Vihar, Mathura Road",2.0,13200000,Ready_to_move,Resale,Apartment,4.0,475.0
1350.0,3,3.0,Semi-Furnished,"DDA Flats Sarita Vihar, Sarita Vihar, Mathura Road",2.0,14000000,Ready_to_move,Resale,Apartment,6.0,450.0
1550.0,4,2.0,Furnished,"DDA Flats Sarita Vihar, Sarita Vihar, Mathura Road",2.0,17500000,Ready_to_move,Resale,Apartment,6.0,387.5
1300.0,3,2.0,Semi-Furnished,"DDA Flats Sarita Vihar, Sarita Vihar, Mathura Road",2.0,17000000,Ready_to_move,Resale,Apartment,5.0,433.3333333333333
1000.0,2,2.0,Furnished,"DDA Flats Sarita Vihar, Sarita Vihar Pocket K",2.0,13000000,Ready_to_move,Resale,Apartment,4.0,500.0
1500.0,3,3.0,Furnished,"DDA Flats Sarita Vihar, Sarita Vihar Pocket K",2.0,17000000,Ready_to_move,Resale,Apartment,6.0,500.0
950.0,2,2.0,Furnished,"DDA Flats Sarita Vihar, Sarita Vihar, Mathura Road",2.0,12700000,Ready_to_move,Resale,Apartment,4.0,475.0
1200.0,3,2.0,Furnished,"DDA Flats Sarita Vihar, Sarita Vihar, Mathura Road",2.0,13500000,Ready_to_move,Resale,Apartment,5.0,400.0
1400.0,4,2.0,Furnished,"DDA Flats Sarita Vihar, Sarita Vihar, Mathura Road",2.0,17400000,Ready_to_move,Resale,Apartment,6.0,350.0
1500.0,4,2.0,Furnished,"DDA Flats Sarita Vihar, Sarita Vihar, Mathura Road",2.0,17800000,Ready_to_move,Resale,Apartment,6.0,375.0
1050.0,2,2.0,Furnished,"DDA Flats Sarita Vihar, Sarita Vihar, Mathura Road",2.0,12700000,Ready_to_move,Resale,Apartment,4.0,525.0
1550.0,4,2.0,Furnished,"DDA Flats Sarita Vihar, Sarita Vihar, Mathura Road",2.0,16200000,Ready_to_move,Resale,Apartment,6.0,387.5
950.0,2,2.0,Furnished,"DDA Flats Sarita Vihar, Sarita Vihar, Mathura Road",2.0,11100000,Ready_to_move,Resale,Apartment,4.0,475.0
1150.0,2,2.0,Furnished,"DDA Flats Sarita Vihar, Sarita Vihar, Mathura Road",2.0,13600000,Ready_to_move,Resale,Apartment,4.0,575.0
1150.0,2,2.0,Furnished,"DDA Flats Sarita Vihar, Sarita Vihar Pocket K",2.0,13100000,Ready_to_move,Resale,Apartment,4.0,575.0
1150.0,2,2.0,Furnished,"DDA Flats Sarita Vihar, Sarita Vihar, Mathura Road",2.0,12500000,Ready_to_move,Resale,Apartment,4.0,575.0
1500.0,3,2.0,Furnished,"DDA Flats Sarita Vihar, Sarita Vihar, Mathura Road",2.0,13600000,Ready_to_move,Resale,Apartment,5.0,500.0
1800.0,4,4.0,Furnished,"Sidharth Enclave, Kilokri, Ring Road",2.0,12000000,Ready_to_move,New_Property,Apartment,8.0,450.0
1300.0,3,3.0,Furnished,"Sidharth Enclave, Kilokri, Ring Road",1.0,20000000,Ready_to_move,New_Property,Apartment,6.0,433.3333333333333
1150.0,2,2.0,Unfurnished,Sarita Vihar Pocket B,1.0,13500000,Ready_to_move,Resale,Apartment,4.0,575.0
1500.0,3,2.0,Unfurnished,Sarita Vihar Pocket F,1.0,14000000,Ready_to_move,Resale,Apartment,5.0,500.0
1150.0,2,2.0,Semi-Furnished,"DDA Flats, Sarita Vihar, Mathura Road carpet area 1150 sqft status Ready to Move floor 3 out of 3 floors transaction Resale furnishing Semi-Furnished facing North - East overlooking Main Road society DDA Flats car parking 2 Open bathroom 2 balcony 3 ownership Freehold 2 BHK flat available for sale in sarita vihar excellent interiors flooring in all bedrooms complete wood work modular kitchen beautiful bathrooms extremely well maintained ample parking space read more Contact Agent View Phone No. Share Feedback Lavish Associates Certified Agent Trusted by Users Genuine Listings Market Knowledge",2.0,10800000,Ready_to_move,Resale,Apartment,4.0,575.0
900.0,3,2.0,Semi-Furnished,"New Manglapuri, Sultanpur",1.0,9000000,Ready_to_move,New_Property,Builder_Floor,5.0,300.0
1150.0,3,2.0,Semi-Furnished,"New Manglapuri, Sultanpur",1.0,6300000,Ready_to_move,Resale,Builder_Floor,5.0,383.3333333333333
1000.0,3,3.0,Semi-Furnished,Sultanpur Extension,1.0,5500000,Ready_to_move,New_Property,Apartment,6.0,333.3333333333333
450.0,1,1.0,Semi-Furnished,"New Manglapuri, Sultanpur",1.0,2350000,Ready_to_move,Resale,Apartment,2.0,450.0
1350.0,3,3.0,Semi-Furnished,Sultanpur,1.0,8500000,Ready_to_move,Resale,Apartment,6.0,450.0
445.0,1,2.0,Semi-Furnished,Sultanpur Extension,1.0,1650000,Ready_to_move,Resale,Apartment,3.0,445.0
1200.0,2,2.0,Semi-Furnished,"Manglapuri, Sultanpur",1.0,10000000,Ready_to_move,Resale,Apartment,4.0,600.0
50.0,1,1.0,Unfurnished,"Indra Park Palam, Manglapuri",1.0,1500000,Ready_to_move,Resale,Builder_Floor,2.0,50.0
1100.0,2,2.0,Semi-Furnished,"Sultanpur carpet area 1100 sqft status Ready to Move floor 1 out of 4 floors transaction Resale furnishing Semi-Furnished overlooking Main Road car parking 1 Covered bathroom 2 balcony 2 ownership Freehold 2 bhk flat available in sultanpur, near metro station, loan facility available, with registry, all the modern facilities are variable, with car parking, near market, fully ventilated. read more Contact Agent View Phone No. Share Feedback Agent Delhi Dream 3500+ Buyers Served",1.0,2800000,Ready_to_move,Resale,Builder_Floor,4.0,550.0
700.0,2,2.0,Semi-Furnished,Sultanpur Extension,1.0,2600000,Ready_to_move,Resale,Builder_Floor,4.0,350.0
500.0,1,1.0,Furnished,"New Manglapuri, Sultanpur",1.0,2350000,Ready_to_move,Resale,Builder_Floor,2.0,500.0
540.0,1,1.0,Unfurnished,Sultanpur Extension,1.0,2350000,Ready_to_move,Resale,Apartment,2.0,540.0
450.0,1,1.0,Unfurnished,Sultanpur,1.0,2000000,Ready_to_move,New_Property,Builder_Floor,2.0,450.0
800.0,2,2.0,Semi-Furnished,Sultanpur,1.0,5000000,Almost_ready,Resale,Builder_Floor,4.0,400.0
700.0,2,2.0,Semi-Furnished,"New Manglapuri, Sultanpur",1.0,3500000,Ready_to_move,Resale,Builder_Floor,4.0,350.0
750.0,2,2.0,Semi-Furnished,Sultanpur,1.0,4500000,Almost_ready,Resale,Builder_Floor,4.0,375.0
750.0,2,2.0,Unfurnished,Sultanpur,1.0,4000000,Ready_to_move,Resale,Builder_Floor,4.0,375.0
1600.0,3,3.0,Unfurnished,"New Manglapuri, Sultanpur",1.0,10800000,Ready_to_move,Resale,Builder_Floor,6.0,533.3333333333334
1000.0,3,2.0,Unfurnished,"New Manglapuri, Sultanpur",1.0,10000000,Ready_to_move,New_Property,Builder_Floor,5.0,333.3333333333333
900.0,3,2.0,Semi-Furnished,"Manglapuri, Sultanpur",1.0,9000000,Ready_to_move,Resale,Builder_Floor,5.0,300.0
1700.0,3,3.0,Semi-Furnished,"New Manglapuri, Sultanpur",1.0,8500000,Ready_to_move,New_Property,Apartment,6.0,566.6666666666666
1100.0,3,2.0,Semi-Furnished,"New Manglapuri, Sultanpur",1.0,6000000,Ready_to_move,Resale,Builder_Floor,5.0,366.6666666666667
1000.0,3,3.0,Semi-Furnished,"New Manglapuri, Sultanpur",1.0,5500000,Ready_to_move,New_Property,Apartment,6.0,333.3333333333333
1000.0,3,2.0,Semi-Furnished,"Manglapuri, Sultanpur",1.0,7000000,Ready_to_move,New_Property,Builder_Floor,5.0,333.3333333333333
1100.0,3,2.0,Furnished,Sultanpur,1.0,6000000,Ready_to_move,Resale,Apartment,5.0,366.6666666666667
765.0,3,2.0,Unfurnished,"Manglapuri, Sultanpur",1.0,3700000,Ready_to_move,Resale,Builder_Floor,5.0,255.0
900.0,2,2.0,Semi-Furnished,"Indra Park Palam, Manglapuri",1.0,3100000,Ready_to_move,Resale,Builder_Floor,4.0,450.0
600.0,2,2.0,Unfurnished,Sultanpur,1.0,4500000,Ready_to_move,Resale,Apartment,4.0,300.0
360.0,1,1.0,Semi-Furnished,"Indra Park Palam, Manglapuri",1.0,1500000,Ready_to_move,Resale,Builder_Floor,2.0,360.0
950.0,3,2.0,Semi-Furnished,Chhattarpur,Unknown,7090000,Almost_ready,New_Property,Builder_Floor,5.0,316.6666666666667
3600.0,2,2.0,Semi-Furnished,"Chhattarpur carpet area 400 sqyrd status Ready to Move transaction New Property furnishing Semi-Furnished car parking 1 Covered, 1 Open bathroom 2 balcony 1 Newly Constructed Property It's a Ground floor Builder Floor Apartment in a building of total 4 floors. The Builder Floor Apartment is newly constructed. Prime facilities are easily accessible from this place with Oxford Angel Public School (0 km ). Other key neighbourhood are Abdul Gaffar Khan Market (0 km ). read more Contact Agent View Phone No. Share Feedback Home Hunt Has Maximum Property Options Is the Top Agent of the Locality Is Trusted by All Users 4 Property Options in Chhattarpur CRISIL Rating Operating Since 2011 No of employees 5 Home Hunt Certified Agent Locality Superstar Chhattarpur 500+ Buyers Served",1.0,4500000,Ready_to_move,New_Property,Builder_Floor,4.0,1800.0
1305.0,4,3.0,Unfurnished,"JVTS Gardens, Chhattarpur",1.0,5500000,Almost_ready,New_Property,Builder_Floor,7.0,326.25
1800.0,3,4.0,Semi-Furnished,Chhattarpur,2.0,63000000,Almost_ready,New_Property,Apartment,7.0,600.0
950.0,3,2.0,Semi-Furnished,Chhattarpur,2.0,6990000,Almost_ready,New_Property,Builder_Floor,5.0,316.6666666666667
800.0,2,2.0,Semi-Furnished,Chhattarpur,1.0,4400000,Ready_to_move,New_Property,Apartment,4.0,400.0
1800.0,4,4.0,Semi-Furnished,Chhattarpur Enclave Phase2,1.0,12500000,Ready_to_move,Resale,Builder_Floor,8.0,450.0
800.0,2,2.0,Semi-Furnished,Chhattarpur,1.0,3000000,Ready_to_move,New_Property,Builder_Floor,4.0,400.0
675.0,2,2.0,Semi-Furnished,Chhattarpur,1.0,2800000,Ready_to_move,New_Property,Builder_Floor,4.0,337.5
1175.0,3,3.0,Unfurnished,"JVTS Gardens, Chhattarpur",4.0,5000000,Almost_ready,New_Property,Builder_Floor,6.0,391.6666666666667
1500.0,3,3.0,Unfurnished,Chhattarpur,4.0,6000000,Ready_to_move,Resale,Builder_Floor,6.0,500.0
810.0,2,2.0,Unfurnished,Chhattarpur,4.0,4500000,Ready_to_move,Resale,Apartment,4.0,405.0
630.0,2,2.0,Unfurnished,Chhattarpur Enclave Phase2,1.0,2800000,Ready_to_move,Resale,Apartment,4.0,315.0
650.0,2,2.0,Semi-Furnished,Chhattarpur,1.0,2500000,Ready_to_move,Resale,Builder_Floor,4.0,325.0
1800.0,4,4.0,Semi-Furnished,Chhattarpur Enclave Phase2,1.0,8500000,Ready_to_move,New_Property,Builder_Floor,8.0,450.0
725.0,2,2.0,Furnished,Chhattarpur,1.0,3000000,Ready_to_move,Resale,Apartment,4.0,362.5
900.0,3,2.0,Semi-Furnished,Chhattarpur,1.0,4900000,Ready_to_move,New_Property,Builder_Floor,5.0,300.0
750.0,2,2.0,Unfurnished,Chhattarpur,1.0,3500000,Ready_to_move,New_Property,Builder_Floor,4.0,375.0
700.0,2,2.0,Semi-Furnished,Chhattarpur Enclave Phase2,1.0,3000000,Ready_to_move,New_Property,Builder_Floor,4.0,350.0
950.0,3,2.0,Semi-Furnished,Chhattarpur,1.0,7020000,Almost_ready,New_Property,Builder_Floor,5.0,316.6666666666667
1600.0,3,4.0,Unfurnished,"DLF Chattarpur Farms, Chhattarpur",1.0,60000000,Almost_ready,New_Property,Apartment,7.0,533.3333333333334
900.0,2,2.0,Semi-Furnished,Chhattarpur,1.0,3500000,Ready_to_move,New_Property,Builder_Floor,4.0,450.0
1500.0,3,3.0,Semi-Furnished,Chhattarpur,1.0,7000000,Ready_to_move,New_Property,Builder_Floor,6.0,500.0
500.0,2,1.0,Semi-Furnished,Chhattarpur Enclave Phase2,2.0,7000000,Ready_to_move,Resale,Apartment,3.0,250.0
1035.0,3,3.0,Semi-Furnished,Chhattarpur Enclave Phase2,1.0,4500000,Ready_to_move,New_Property,Builder_Floor,6.0,345.0
825.0,3,2.0,Semi-Furnished,"Aravali Tower, Chhattarpur",1.0,5990000,Ready_to_move,New_Property,Builder_Floor,5.0,275.0
1300.0,3,3.0,Semi-Furnished,Chhattarpur,1.0,4400000,Ready_to_move,New_Property,Builder_Floor,6.0,433.3333333333333
765.0,2,2.0,Unfurnished,Chhattarpur,4.0,2500000,Ready_to_move,New_Property,Builder_Floor,4.0,382.5
580.0,1,1.0,Semi-Furnished,Chhattarpur Enclave Phase2,1.0,1600000,Ready_to_move,New_Property,Builder_Floor,2.0,580.0
1750.0,3,3.0,Semi-Furnished,Chhattarpur Enclave Phase2,1.0,6500000,Ready_to_move,New_Property,Builder_Floor,6.0,583.3333333333334
650.0,2,2.0,Semi-Furnished,Mehrauli,Unknown,2750000,Ready_to_move,Resale,Apartment,4.0,325.0
405.0,1,1.0,Semi-Furnished,Mehrauli,Unknown,1500000,Ready_to_move,New_Property,Apartment,2.0,405.0
675.0,2,1.0,Unfurnished,Mehrauli,Unknown,2200000,Ready_to_move,Resale,Builder_Floor,3.0,337.5
850.0,2,2.0,Semi-Furnished,Mehrauli,1.0,2800000,Ready_to_move,Resale,Apartment,4.0,425.0
800.0,3,3.0,Semi-Furnished,Mehrauli,1.0,4500000,Ready_to_move,Resale,Apartment,6.0,266.6666666666667
405.0,1,1.0,Furnished,Mehrauli,1.0,1800000,Ready_to_move,Resale,Apartment,2.0,405.0
1350.0,3,3.0,Unfurnished,Mehrauli,1.0,8500000,Ready_to_move,New_Property,Builder_Floor,6.0,450.0
1350.0,3,3.0,Unfurnished,Mehrauli,1.0,8500000,Ready_to_move,New_Property,Apartment,6.0,450.0
450.0,1,1.0,Unfurnished,Mehrauli,1.0,1700000,Ready_to_move,New_Property,Builder_Floor,2.0,450.0
1300.0,3,3.0,Semi-Furnished,"Mehrauli carpet area 1300 sqft status Ready to Move floor 2 out of 4 floors transaction New Property furnishing Semi-Furnished facing East overlooking Garden/Park, Main Road car parking 2 Covered bathroom 3 balcony 2 ownership Freehold 3 bhk flat with attached washroom, modular kitchen, IInd floor, one car and one bike parking, lift, gated society, security, cctv camera, water backup. read more Contact Agent View Phone No. Share Feedback Agent India Bhoomi",2.0,7000000,Ready_to_move,New_Property,Builder_Floor,6.0,433.3333333333333
1050.0,3,2.0,Unfurnished,Mehrauli,2.0,5600000,Ready_to_move,New_Property,Builder_Floor,5.0,350.0
1675.0,4,3.0,Furnished,Mehrauli,2.0,13500000,Ready_to_move,Resale,Builder_Floor,7.0,418.75
1250.0,3,3.0,Unfurnished,Mehrauli,2.0,8500000,Almost_ready,New_Property,Builder_Floor,6.0,416.6666666666667
1080.0,3,3.0,Unfurnished,Mehrauli,5.0,6000000,Ready_to_move,New_Property,Apartment,6.0,360.0
1170.0,3,3.0,Unfurnished,"Andheria Mor, Mehrauli",5.0,7200000,Almost_ready,New_Property,Builder_Floor,6.0,390.0
1250.0,3,2.0,Semi-Furnished,Mehrauli carpet area 1250 sqft status Ready to Move floor Ground out of 8 floors transaction Resale furnishing Semi-Furnished facing East overlooking Main Road car parking 1 Covered bathroom 2 balcony 3 ownership Freehold The flat located are very good condition and well developed area. The flat area are very spaciable. This flat balcony view is very best society very neat and clean. read more Contact Agent View Phone No. Share Feedback Agent Bharti Real Estate 100+ Buyers Served,1.0,6500000,Ready_to_move,Resale,Apartment,5.0,416.6666666666667
1500.0,3,3.0,Semi-Furnished,"Andheria Mor, Mehrauli",1.0,8400000,Ready_to_move,New_Property,Apartment,6.0,500.0
1350.0,3,3.0,Unfurnished,Mehrauli,1.0,8500000,Ready_to_move,New_Property,Apartment,6.0,450.0
855.0,2,2.0,Semi-Furnished,Mehrauli,1.0,4000000,Ready_to_move,Resale,Builder_Floor,4.0,427.5
540.0,1,1.0,Unfurnished,Mehrauli,1.0,1700000,Ready_to_move,Resale,Builder_Floor,2.0,540.0
1044.0983,3,2.0,Unfurnished,Mehrauli,1.0,6000000,Ready_to_move,Resale,Builder_Floor,5.0,348.0327666666667
405.0,1,1.0,Semi-Furnished,Mehrauli,1.0,1600000,Ready_to_move,Resale,Apartment,2.0,405.0
500.0,1,2.0,Semi-Furnished,Mehrauli,1.0,2100000,Ready_to_move,Resale,Apartment,3.0,500.0
450.0,1,1.0,Furnished,Mehrauli,1.0,1700000,Ready_to_move,Resale,Apartment,2.0,450.0
405.0,1,1.0,Unfurnished,"Andheria Mor, Mehrauli",1.0,1500000,Ready_to_move,Resale,Apartment,2.0,405.0
405.0,1,1.0,Unfurnished,Mehrauli,1.0,1200000,Ready_to_move,Resale,Builder_Floor,2.0,405.0
450.0,1,1.0,Unfurnished,"Brijwasi Colony, Mehrauli",1.0,1650000,Ready_to_move,Resale,Apartment,2.0,450.0
173.0,2,2.0,Unfurnished,Mehrauli,1.0,3500000,Ready_to_move,Resale,Builder_Floor,4.0,86.5
1100.0,3,2.0,Unfurnished,Mehrauli,1.0,8500000,Ready_to_move,Resale,Builder_Floor,5.0,366.6666666666667
600.0,2,2.0,Unfurnished,Mehrauli,1.0,3200000,Ready_to_move,Resale,Builder_Floor,4.0,300.0
800.0,3,2.0,Semi-Furnished,Mahavir Enclave,1.0,4400000,Ready_to_move,New_Property,Builder_Floor,5.0,266.6666666666667
990.0,4,3.0,Unfurnished,Mahavir Enclave Part 1,1.0,7200000,Almost_ready,New_Property,Builder_Floor,7.0,247.5
1100.0,3,2.0,Semi-Furnished,Mahavir Enclave Part 1,1.0,7500000,Ready_to_move,New_Property,Builder_Floor,5.0,366.6666666666667
1100.0,3,2.0,Unfurnished,Mahavir Enclave,1.0,6500000,Ready_to_move,New_Property,Apartment,5.0,366.6666666666667
527.0,2,2.0,Semi-Furnished,Mahavir Enclave Part 1,1.0,3500000,Ready_to_move,Resale,Builder_Floor,4.0,263.5
1000.0,2,2.0,Semi-Furnished,Mahavir Enclave Part 1 carpet area 1000 sqft status Ready to Move floor 2 out of 4 floors transaction Resale furnishing Semi-Furnished facing East car parking 1 Covered bathroom 2 balcony 2 East Facing Property this property is for sale purpose.......................... Contact Owner View Phone No. Share Feedback Owner Twinkle Sudan,1.0,6500000,Ready_to_move,Resale,Builder_Floor,4.0,500.0
1000.0,3,2.0,Semi-Furnished,Mahavir Enclave Part 1,1.0,6200000,Ready_to_move,Resale,Builder_Floor,5.0,333.3333333333333
450.0,1,1.0,Semi-Furnished,Mahavir Enclave Part 1,1.0,2500000,Ready_to_move,New_Property,Builder_Floor,2.0,450.0
600.0,2,2.0,Semi-Furnished,Mahavir Enclave,1.0,3000000,Ready_to_move,New_Property,Apartment,4.0,300.0
950.0,3,2.0,Furnished,Mahavir Enclave Part 1,1.0,6000000,Ready_to_move,New_Property,Builder_Floor,5.0,316.6666666666667
855.0,3,2.0,Unfurnished,Mahavir Enclave Part 1,1.0,4800000,Ready_to_move,Resale,Apartment,5.0,285.0
770.0,2,2.0,Semi-Furnished,Mahavir Enclave,1.0,3790000,Ready_to_move,New_Property,Builder_Floor,4.0,385.0
810.0,3,2.0,Semi-Furnished,Mahavir Enclave,1.0,4200000,Ready_to_move,New_Property,Apartment,5.0,270.0
710.0,2,2.0,Unfurnished,Mahavir Enclave,1.0,2900000,Ready_to_move,Resale,Apartment,4.0,355.0
950.0,3,2.0,Unfurnished,Mahavir Enclave Part 1,1.0,5000000,Ready_to_move,Resale,Builder_Floor,5.0,316.6666666666667
450.0,1,1.0,Semi-Furnished,Mahavir Enclave Part 1,1.0,2100000,Ready_to_move,New_Property,Builder_Floor,2.0,450.0
500.0,2,2.0,Semi-Furnished,Mahavir Enclave Part 1,1.0,3200000,Ready_to_move,Resale,Apartment,4.0,250.0
600.0,2,1.0,Semi-Furnished,Mahavir Enclave Part 1,1.0,3000000,Ready_to_move,Resale,Apartment,3.0,300.0
420.0,1,1.0,Unfurnished,Mahavir Enclave Part 1,1.0,2300000,Ready_to_move,Resale,Builder_Floor,2.0,420.0
900.0,3,2.0,Semi-Furnished,Mahavir Enclave Part 1,1.0,5900000,Almost_ready,New_Property,Builder_Floor,5.0,300.0
945.0,3,2.0,Semi-Furnished,Mahavir Enclave Part 1,1.0,5500000,Ready_to_move,Resale,Apartment,5.0,315.0
565.0,2,2.0,Unfurnished,Mahavir Enclave carpet area 565 sqft status Ready to Move floor Ground out of 1 floor transaction Resale furnishing Unfurnished facing East car parking 1 Covered bathroom 2 balcony 1 ownership Freehold East Facing Property This Freehold Builder Floor Apartment is located at Ground floor in a building of total 1 floors. The age of construction for this apartment Builder Floor Apartment is Less than 5 years. High quality flooring of types Granite are available in different rooms. read more Contact Owner View Phone No. Share Feedback Owner Adesh Sah,1.0,3500000,Ready_to_move,Resale,Builder_Floor,4.0,282.5
450.0,2,1.0,Semi-Furnished,Mahavir Enclave Part 3,1.0,1700000,Ready_to_move,Resale,Apartment,3.0,225.0
430.0,1,1.0,Unfurnished,Mahavir Enclave,1.0,1850000,Ready_to_move,New_Property,Builder_Floor,2.0,430.0
550.0,2,2.0,Unfurnished,Mahavir Enclave,1.0,2300000,Ready_to_move,Resale,Builder_Floor,4.0,275.0
810.0,3,2.0,Furnished,Mahavir Enclave,1.0,3800000,Ready_to_move,Resale,Builder_Floor,5.0,270.0
720.0,3,2.0,Semi-Furnished,Mahavir Enclave Part 1,1.0,4500000,Ready_to_move,Resale,Builder_Floor,5.0,240.0
360.0,2,1.0,Semi-Furnished,"Vijay Enclave, Mahavir Enclave",1.0,2200000,Ready_to_move,New_Property,Apartment,3.0,180.0
820.0,3,2.0,Semi-Furnished,Mahavir Enclave,1.0,5200000,Ready_to_move,Resale,Builder_Floor,5.0,273.3333333333333
459.0,2,2.0,Semi-Furnished,Mahavir Enclave Part 3,1.0,2200000,Ready_to_move,Resale,Builder_Floor,4.0,229.5
378.0,1,2.0,Unfurnished,"Narela Sector A1 carpet area 42 sqyrd status Ready to Move floor Ground out of 5 floors transaction Resale furnishing Unfurnished facing North - East overlooking Garden/Park, Main Road car parking 2 Open bathroom 2 balcony 2 ownership Freehold Near bawana industrial area and j.j. colony. DDA Housing property LIG FLAT very nice property for single family 200 hundreds family already living IN THIS SOCIETY and very piece full atmosphere this society 24 hour guards all facility available read more Contact Owner View Phone No. Share Feedback Owner Vivek Gupta",2.0,1500000,Ready_to_move,Resale,Apartment,3.0,378.0
450.0,1,1.0,Furnished,"DDA Flats Pocket 6 Sector A10, Narela",2.0,2200000,Ready_to_move,Resale,Apartment,2.0,450.0
900.0,2,2.0,Semi-Furnished,"DDA Flats Pocket 1 Sector A9, Narela",2.0,3800000,Ready_to_move,Resale,Apartment,4.0,450.0
360.0,1,1.0,Unfurnished,"DDA Janta Flats, Tikri Khurd Sector B2, Narela",1.0,1800000,Ready_to_move,Resale,Apartment,2.0,360.0
559.7228,2,2.0,Furnished,Narela,3.0,2850000,Ready_to_move,Resale,Apartment,4.0,279.8614
350.0,1,1.0,Unfurnished,Narela,3.0,2500000,Ready_to_move,Resale,Apartment,2.0,350.0
365.0,1,1.0,Unfurnished,Narela,39.0,3500000,Ready_to_move,Resale,Apartment,2.0,365.0
390.0,1,1.0,Unfurnished,"DDA Lig Flats, Narela",39.0,2000000,Ready_to_move,Resale,Apartment,2.0,390.0
350.0,1,1.0,Unfurnished,"DDA Flats Pocket 3, Narela",39.0,3000000,Ready_to_move,Resale,Apartment,2.0,350.0
210.0,1,1.0,Semi-Furnished,"DDA Lig Flats, Narela",39.0,2000000,Ready_to_move,New_Property,Apartment,2.0,210.0
50.0,1,1.0,Unfurnished,"DDA Lig Flats, Narela",39.0,3500000,Ready_to_move,New_Property,Apartment,2.0,50.0
500.0,1,1.0,Unfurnished,"DDA Pocket H, Narela",39.0,1800000,Ready_to_move,Resale,Apartment,2.0,500.0
350.0,1,1.0,Unfurnished,"DDA Lig Flats, Narela",39.0,1600000,Ready_to_move,Resale,Apartment,2.0,350.0
379.0,1,1.0,Unfurnished,"DDA Lig Flats, Narela",1.0,1600000,Ready_to_move,Resale,Builder_Floor,2.0,379.0
236.8058,1,1.0,Unfurnished,Narela,1.0,2000000,Ready_to_move,Resale,Apartment,2.0,236.8058
445.0,1,1.0,Unfurnished,Narela Mandi,1.0,1500000,Ready_to_move,Resale,Apartment,2.0,445.0
452.0838,2,1.0,Furnished,"DDA Flats Pocket 6 Sector A10, Narela",1.0,3000000,Ready_to_move,Resale,Apartment,3.0,226.0419
350.0,1,1.0,Unfurnished,Narela,1.0,1490000,Ready_to_move,New_Property,Apartment,2.0,350.0
437.0,1,1.0,Furnished,"DDA Lig Flats, Narela",1.0,3500000,Ready_to_move,New_Property,Apartment,2.0,437.0
61.0,3,3.0,Unfurnished,"Bhorgarh, Narela",1.0,4000000,Ready_to_move,Resale,Apartment,6.0,20.333333333333332
495.0,2,2.0,Unfurnished,Narela,1.0,1750000,Ready_to_move,Resale,Builder_Floor,4.0,247.5
900.0,2,2.0,Unfurnished,Narela Sector A9,1.0,4600000,Ready_to_move,Resale,Apartment,4.0,450.0
350.0,1,1.0,Semi-Furnished,"DDA Lig Flats, Narela",1.0,1800000,Ready_to_move,Resale,Builder_Floor,2.0,350.0
585.0,2,2.0,Unfurnished,Narela,1.0,1900000,Ready_to_move,Resale,Builder_Floor,4.0,292.5
198.0,1,1.0,Furnished,Narela Sector A5,1.0,1000000,Ready_to_move,Resale,Apartment,2.0,198.0
4900.0,1,1.0,Unfurnished,"DDA Lig Flats, Narela",1.0,1000000,Ready_to_move,New_Property,Apartment,2.0,4900.0
2077.4327,1,1.0,Unfurnished,"DDA Flats Pocket 3, Narela",1.0,1000000,Ready_to_move,Resale,Builder_Floor,2.0,2077.4327
50.0,1,1.0,Semi-Furnished,"DDA Lig Flats, Narela",1.0,3500000,Ready_to_move,New_Property,Apartment,2.0,50.0
990.0,3,2.0,Furnished,Narela,1.0,5000000,Ready_to_move,Resale,Builder_Floor,5.0,330.0
425.0,1,1.0,Unfurnished,Narela,1.0,2200000,Ready_to_move,Resale,Apartment,2.0,425.0
750.0,2,2.0,Unfurnished,Malviya Nagar,Unknown,13000000,Almost_ready,New_Property,Builder_Floor,4.0,375.0
1400.0,3,3.0,Semi-Furnished,"Shivalik, Malviya Nagar",2.0,34000000,Ready_to_move,New_Property,Builder_Floor,6.0,466.6666666666667
3600.0,4,4.0,Semi-Furnished,"Geetanjali Enclave, Malviya Nagar",3.0,60000000,Ready_to_move,New_Property,Builder_Floor,8.0,900.0
3000.0,4,5.0,Semi-Furnished,"Geetanjali Enclave, Malviya Nagar",4.0,74500000,Ready_to_move,New_Property,Builder_Floor,9.0,750.0
2750.0,4,5.0,Unfurnished,"Geetanjali Enclave, Malviya Nagar",2.0,75000000,Almost_ready,New_Property,Builder_Floor,9.0,687.5
2050.0,4,4.0,Semi-Furnished,"Geetanjali Enclave, Malviya Nagar",2.0,62500000,Ready_to_move,New_Property,Builder_Floor,8.0,512.5
3000.0,4,4.0,Unfurnished,"Geetanjali Enclave Project, Geetanjali Enclave, Malviya Nagar",2.0,67000000,Ready_to_move,New_Property,Builder_Floor,8.0,750.0
850.0,2,2.0,Unfurnished,Malviya Nagar,2.0,8500000,Ready_to_move,Resale,Builder_Floor,4.0,425.0
750.0,2,2.0,Unfurnished,Malviya Nagar,2.0,11500000,Almost_ready,New_Property,Builder_Floor,4.0,375.0
2600.0,4,5.0,Semi-Furnished,"Geetanjali Enclave Project, Geetanjali Enclave, Malviya Nagar",3.0,52500000,Ready_to_move,New_Property,Builder_Floor,9.0,650.0
800.0,2,2.0,Semi-Furnished,Malviya Nagar,1.0,12000000,Ready_to_move,New_Property,Builder_Floor,4.0,400.0
550.0,2,2.0,Semi-Furnished,Malviya Nagar,2.0,10700000,Ready_to_move,Resale,Builder_Floor,4.0,275.0
700.0,2,2.0,Semi-Furnished,Malviya Nagar,1.0,9000000,Ready_to_move,Resale,Apartment,4.0,350.0
2316.0,3,4.0,Furnished,"Geetanjali Enclave, Malviya Nagar",1.0,100000000,Ready_to_move,Resale,Builder_Floor,7.0,772.0
900.0,3,2.0,Semi-Furnished,"Khirki extension, Malviya Nagar",1.0,6200000,Ready_to_move,Resale,Apartment,5.0,300.0
100.0,3,2.0,Semi-Furnished,Malviya Nagar,1.0,17000000,Ready_to_move,Resale,Builder_Floor,5.0,33.333333333333336
900.0,2,3.0,Semi-Furnished,"Malviya Nagar carpet area 100 sqyrd status Ready to Move floor 2 out of 3 floors transaction Resale furnishing Semi-Furnished facing North overlooking Garden/Park, Main Road car parking 2 Open bathroom 3 balcony 2 ownership Freehold It's a Corner three story building, located in South Delhi. Amenities like Market, Schools, Hospitals, Parks, Gyms, Study Centers, Temple are all around. Very Close to Malviya Nagar Metro and Haus Khas Metro Station. Centerlize place to live. Whether you go to Gurgaon or Noida Or to other parts of the city, commuting from here is very easy. read more Contact Owner View Phone No. Share Feedback Owner Rohit",2.0,12500000,Ready_to_move,Resale,Builder_Floor,5.0,450.0
1500.0,2,2.0,Semi-Furnished,Malviya Nagar,3.0,13000000,Ready_to_move,New_Property,Builder_Floor,4.0,750.0
650.0,3,2.0,Unfurnished,"Khirki extension, Malviya Nagar",3.0,4200000,Ready_to_move,Resale,Builder_Floor,5.0,216.66666666666666
2000.0,4,4.0,Semi-Furnished,Malviya Nagar,2.0,36000000,Ready_to_move,New_Property,Builder_Floor,8.0,500.0
500.0,1,1.0,Unfurnished,Malviya Nagar,2.0,2300000,Ready_to_move,Resale,Apartment,2.0,500.0
1125.0,2,2.0,Unfurnished,Malviya Nagar,2.0,8100000,Ready_to_move,Resale,Builder_Floor,4.0,562.5
1300.0,3,3.0,Semi-Furnished,Malviya Nagar,1.0,10000000,Ready_to_move,Resale,Builder_Floor,6.0,433.3333333333333
2500.0,4,5.0,Unfurnished,"Geetanjali Enclave, Malviya Nagar",1.0,62500000,Ready_to_move,New_Property,Builder_Floor,9.0,625.0
2200.0,4,5.0,Semi-Furnished,"Geetanjali Enclave, Malviya Nagar",2.0,65000000,Ready_to_move,New_Property,Builder_Floor,9.0,550.0
1290.0,3,2.0,Semi-Furnished,Malviya Nagar,2.0,20000000,Ready_to_move,Resale,Builder_Floor,5.0,430.0
2250.0,4,4.0,Semi-Furnished,"Geetanjali Enclave, Malviya Nagar",2.0,57500000,Ready_to_move,New_Property,Builder_Floor,8.0,562.5
1350.0,3,3.0,Semi-Furnished,"Shivalik, Malviya Nagar",2.0,30000000,Ready_to_move,New_Property,Builder_Floor,6.0,450.0
1400.0,3,3.0,Semi-Furnished,"Shivalik, Malviya Nagar",1.0,30000000,Ready_to_move,New_Property,Builder_Floor,6.0,466.6666666666667
1700.0,3,3.0,Unfurnished,"Shivalik, Malviya Nagar",2.0,30000000,Ready_to_move,New_Property,Builder_Floor,6.0,566.6666666666666
450.0,1,1.0,Unfurnished,"Dilshad Colony, Dilshad Garden",Unknown,3300000,Ready_to_move,Resale,Apartment,2.0,450.0
750.0,2,1.0,Unfurnished,"Guru Teg Bahadur Enclave, Dilshad Garden",Unknown,7350000,Ready_to_move,Resale,Apartment,3.0,375.0
1500.0,4,1.0,Unfurnished,"Dilshad Garden carpet area 1500 sqft status Ready to Move floor 2 out of 4 floors transaction Resale furnishing Unfurnished bathroom 1 balcony 2 Mig dda flat located at a very prime location near to market, school, hospital, metro station etc. Contact Owner View Phone No. Share Feedback Owner R",Unknown,12500000,Ready_to_move,Resale,Apartment,5.0,375.0
400.0,1,1.0,Semi-Furnished,"Dilshad Colony, Dilshad Garden",1.0,3500000,Ready_to_move,Resale,Apartment,2.0,400.0
650.0,2,2.0,Unfurnished,"Dilshad Colony, Dilshad Garden",1.0,6500000,Ready_to_move,Resale,Builder_Floor,4.0,325.0
900.0,2,2.0,Furnished,"Dilshad Colony, Dilshad Garden",2.0,6900000,Ready_to_move,Resale,Builder_Floor,4.0,450.0
400.0,1,1.0,Unfurnished,"Dilshad Colony, Dilshad Garden",1.0,3600000,Ready_to_move,Resale,Builder_Floor,2.0,400.0
900.0,3,2.0,Semi-Furnished,"Dilshad Colony, Dilshad Garden",2.0,13500000,Ready_to_move,Resale,Apartment,5.0,300.0
1000.0,3,2.0,Furnished,"DDA Flats Block A, Dilshad Garden",1.0,9200000,Ready_to_move,Resale,Apartment,5.0,333.3333333333333
405.0,1,1.0,Unfurnished,"Dilshad Colony, Dilshad Garden",1.0,2500000,Ready_to_move,Resale,Apartment,2.0,405.0
1700.0,3,2.0,Furnished,"DDA Flats Block A, Dilshad Garden",1.0,17000000,Ready_to_move,Resale,Apartment,5.0,566.6666666666666
800.0,3,2.0,Semi-Furnished,Dilshad Garden,1.0,9030000,Ready_to_move,Resale,Apartment,5.0,266.6666666666667
1076.39,3,2.0,Unfurnished,"Dilshad Colony, Dilshad Garden",10.0,9300000,Ready_to_move,Resale,Builder_Floor,5.0,358.7966666666667
750.0,2,1.0,Semi-Furnished,"DDA Pocket JK, Dilshad Garden",2.0,6500000,Ready_to_move,New_Property,Apartment,3.0,375.0
460.0,2,1.0,Unfurnished,"Dilshad Colony, Dilshad Garden",2.0,3300000,Ready_to_move,Resale,Builder_Floor,3.0,230.0
370.0,1,1.0,Unfurnished,"Dilshad Colony, Dilshad Garden",2.0,2400000,Ready_to_move,Resale,Builder_Floor,2.0,370.0
1800.0,3,3.0,Semi-Furnished,"Dilshad Colony, Dilshad Garden",1.0,15000000,Ready_to_move,New_Property,Builder_Floor,6.0,600.0
1080.0,3,1.0,Unfurnished,Dilshad Garden,1.0,7000000,Ready_to_move,New_Property,Apartment,4.0,360.0
350.0,1,1.0,Unfurnished,"DDA Pocket E, Dilshad Garden",1.0,4200000,Ready_to_move,Resale,Apartment,2.0,350.0
500.0,2,1.0,Furnished,Dilshad Garden,1.0,5800000,Ready_to_move,Resale,Apartment,3.0,250.0
900.0,3,2.0,Semi-Furnished,"Dilshad Colony, Dilshad Garden",1.0,4800000,Ready_to_move,Resale,Apartment,5.0,300.0
800.0,2,2.0,Semi-Furnished,"Dilshad Colony, Dilshad Garden",1.0,7500000,Ready_to_move,Resale,Apartment,4.0,400.0
350.0,1,1.0,Unfurnished,"DDA Flats Pocket O, Dilshad Garden",1.0,3000000,Ready_to_move,Resale,Apartment,2.0,350.0
430.556,1,1.0,Unfurnished,Dilshad Garden,1.0,4300000,Ready_to_move,Resale,Apartment,2.0,430.556
500.0,1,1.0,Semi-Furnished,"Dilshad Colony, Dilshad Garden",1.0,2600000,Ready_to_move,Resale,Builder_Floor,2.0,500.0
1450.0,2,2.0,Unfurnished,Dilshad Garden,1.0,7000000,Ready_to_move,Resale,Apartment,4.0,725.0
800.0,2,2.0,Unfurnished,"Dilshad Colony, Dilshad Garden",1.0,6000000,Ready_to_move,Resale,Builder_Floor,4.0,400.0
1000.0,2,2.0,Semi-Furnished,"Dilshad Colony, Dilshad Garden",1.0,6700000,Ready_to_move,Resale,Apartment,4.0,500.0
1000.0,3,3.0,Furnished,"DDA Pocket I, Dilshad Garden",1.0,9500000,Ready_to_move,Resale,Apartment,6.0,333.3333333333333
1600.0,3,2.0,Semi-Furnished,"DDA Flats Block A, Dilshad Garden",1.0,17000000,Ready_to_move,Resale,Apartment,5.0,533.3333333333334
900.0,2,2.0,Semi-Furnished,Vasundhara Enclave,Unknown,8000000,Ready_to_move,Resale,Apartment,4.0,450.0
1500.0,3,3.0,Semi-Furnished,Vasundhara Enclave,1.0,12000000,Ready_to_move,Resale,Apartment,6.0,500.0
1050.0,2,2.0,Semi-Furnished,Vasundhara Enclave,1.0,9000000,Ready_to_move,Resale,Apartment,4.0,525.0
1300.0,3,2.0,Semi-Furnished,"Samrat Apartment, Vasundhara Enclave",2.0,11500000,Ready_to_move,Resale,Apartment,5.0,433.3333333333333
1600.0,4,3.0,Furnished,"Mangal Apartment, Vasundhara Enclave carpet area 1600 sqft status Ready to Move floor 4 out of 7 floors transaction Resale furnishing Furnished facing South - East overlooking Garden/Park, Main Road society Mangal Apartment car parking 1 Open bathroom 3 balcony 1 ownership Freehold Fully furnished , complete marble flooring, ready to move in. Contact Owner View Phone No. Share Feedback Owner Shailendra",1.0,20000000,Ready_to_move,Resale,Apartment,7.0,400.0
900.0,2,2.0,Semi-Furnished,"Prayag Apartments, Vasundhara Enclave carpet area 900 sqft status Ready to Move floor 2 out of 4 floors transaction Resale furnishing Semi-Furnished overlooking Garden/Park, Main Road society Prayag Apartments car parking 1 Open bathroom 2 balcony 2 ownership Freehold This is 2 BHK apartment , with 2 Bathroom and one parking.This is East facing Flat.Near Metro Station is Ashok Nagar read more Contact Owner View Phone No. Share Feedback Owner Sameer Kumar",1.0,8550000,Ready_to_move,Resale,Apartment,4.0,450.0
1350.0,4,4.0,Semi-Furnished,"Abhimanyu Apartments, Vasundhara Enclave",1.0,10500000,Ready_to_move,Resale,Apartment,8.0,337.5
1000.0,3,2.0,Furnished,"Fancy Apartments, Vasundhara Enclave",2.0,12000000,Ready_to_move,Resale,Apartment,5.0,333.3333333333333
1400.0,3,2.0,Unfurnished,"Shantidoot Apartment, Vasundhara Enclave",1.0,11000000,Ready_to_move,Resale,Apartment,5.0,466.6666666666667
975.0,3,2.0,Semi-Furnished,Vasundhara Enclave,1.0,12000000,Ready_to_move,Resale,Apartment,5.0,325.0
900.0,2,2.0,Unfurnished,"Mangal Apartment, Vasundhara Enclave",114.0,9000000,Ready_to_move,Resale,Apartment,4.0,450.0
1100.0,2,2.0,Semi-Furnished,Vasundhara Enclave,114.0,10000000,Ready_to_move,Resale,Apartment,4.0,550.0
950.0,2,2.0,Unfurnished,Vasundhara Enclave,114.0,8100000,Ready_to_move,Resale,Apartment,4.0,475.0
1300.0,3,3.0,Furnished,Vasundhara Enclave,1.0,9200000,Ready_to_move,Resale,Apartment,6.0,433.3333333333333
1459.0,3,3.0,Semi-Furnished,Vasundhara Enclave,1.0,14200000,Ready_to_move,Resale,Apartment,6.0,486.3333333333333
1000.0,2,2.0,Semi-Furnished,"Satyam Apartment, Vasundhara Enclave",1.0,7500000,Ready_to_move,Resale,Apartment,4.0,500.0
1100.0,2,2.0,Semi-Furnished,"Samrat Apartment, Vasundhara Enclave",1.0,9500000,Ready_to_move,Resale,Apartment,4.0,550.0
1450.0,3,2.0,Furnished,"Satyam Apartment, Vasundhara Enclave",1.0,14000000,Ready_to_move,Resale,Apartment,5.0,483.3333333333333
1450.0,3,3.0,Semi-Furnished,"Abhimanyu Apartments, Vasundhara Enclave",1.0,11600000,Ready_to_move,Resale,Apartment,6.0,483.3333333333333
1150.0,3,3.0,Semi-Furnished,Vasundhara Enclave,1.0,12000000,Ready_to_move,Resale,Apartment,6.0,383.3333333333333
780.0,2,2.0,Semi-Furnished,Vasundhara Enclave,1.0,7500000,Ready_to_move,Resale,Apartment,4.0,390.0
1300.0,3,2.0,Semi-Furnished,"Anekant Apartment, Vasundhara Enclave",2.0,9800000,Ready_to_move,Resale,Apartment,5.0,433.3333333333333
1350.0,3,3.0,Semi-Furnished,"New Delhi Apartment, Vasundhara Enclave",1.0,12000000,Ready_to_move,Resale,Apartment,6.0,450.0
1200.0,3,2.0,Semi-Furnished,"Mahesh Apartment, Vasundhara Enclave",1.0,12500000,Ready_to_move,Resale,Apartment,5.0,400.0
1460.0,3,3.0,Semi-Furnished,"Pawittra Apartment, Vasundhara Enclave",1.0,16500000,Ready_to_move,Resale,Apartment,6.0,486.6666666666667
1460.0,3,3.0,Unfurnished,Vasundhara Enclave,1.0,12000000,Ready_to_move,Resale,Apartment,6.0,486.6666666666667
1100.0,2,2.0,Unfurnished,Vasundhara Enclave,1.0,7200000,Ready_to_move,Resale,Apartment,4.0,550.0
1500.0,3,3.0,Furnished,"Capital Apartment, Vasundhara Enclave",2.0,15000000,Ready_to_move,Resale,Apartment,6.0,500.0
1050.0,2,2.0,Semi-Furnished,"Hindon Apartment, Vasundhara Enclave",1.0,10000000,Ready_to_move,Resale,Apartment,4.0,525.0
1350.0,3,3.0,Semi-Furnished,"Gobind Apartment, Vasundhara Enclave",1.0,11000000,Ready_to_move,Resale,Apartment,6.0,450.0
1500.0,2,2.0,Furnished,"Godrej South Estate, Okhla",2.0,24700000,Almost_ready,New_Property,Apartment,4.0,750.0
976.0,2,2.0,Furnished,"Godrej South Estate, Okhla",2.0,24900000,Almost_ready,New_Property,Apartment,4.0,488.0
540.0,2,1.0,Semi-Furnished,"Abul Fazal Enclave Part 1, Okhla",1.0,3600000,Ready_to_move,New_Property,Builder_Floor,3.0,270.0
450.0,1,1.0,Semi-Furnished,"Batla House, Okhla",1.0,1700000,Ready_to_move,New_Property,Builder_Floor,2.0,450.0
900.0,2,2.0,Unfurnished,"Sukhdev Vihar, Okhla",1.0,11000000,Ready_to_move,Resale,Apartment,4.0,450.0
2500.0,4,4.0,Semi-Furnished,"Sukhdev Vihar, Okhla",2.0,75000000,Ready_to_move,Resale,Builder_Floor,8.0,625.0
979.5149,2,2.0,Unfurnished,"Godrej South Estate, Okhla Phase 1",1.0,24800000,Almost_ready,New_Property,Apartment,4.0,489.75745
945.0,2,2.0,Semi-Furnished,"Godrej South Estate, Okhla Phase 1",1.0,24900000,Almost_ready,New_Property,Apartment,4.0,472.5
976.0,2,2.0,Unfurnished,"Godrej South Estate, Okhla Phase 1",2.0,24900000,Almost_ready,New_Property,Apartment,4.0,488.0
1531.0,2,2.0,Unfurnished,"Godrej South Estate, Okhla",2.0,25900000,Almost_ready,New_Property,Apartment,4.0,765.5
1000.0,2,2.0,Unfurnished,"Sukhdev Vihar, Okhla",2.0,11700000,Ready_to_move,Resale,Builder_Floor,4.0,500.0
750.0,3,2.0,Furnished,"Sukhdev Vihar, Okhla",2.0,13500000,Ready_to_move,Resale,Apartment,5.0,250.0
900.0,3,2.0,Furnished,"Abul Fazal Enclave Part-II, Okhla",1.0,5500000,Ready_to_move,Resale,Builder_Floor,5.0,300.0
1512.0,2,2.0,Unfurnished,"Godrej South Estate, Okhla",1.0,30000000,Almost_ready,New_Property,Apartment,4.0,756.0
35.0,3,2.0,Semi-Furnished,"Abul Fazal Enclave Part 1, Okhla",2.0,4950000,Ready_to_move,Resale,Apartment,5.0,11.666666666666666
1500.0,3,2.0,Semi-Furnished,"Sukhdev Vihar, Okhla",1.0,16000000,Ready_to_move,Resale,Apartment,5.0,500.0
2907.0,4,4.0,Semi-Furnished,"Sukhdev Vihar, Okhla",1.0,30000000,Ready_to_move,Resale,Apartment,8.0,726.75
2210.0,4,3.0,Semi-Furnished,"Sukhdev Vihar, Okhla",1.0,41000000,Ready_to_move,Resale,Builder_Floor,7.0,552.5
750.0,2,2.0,Semi-Furnished,"Abul Fazal Enclave Part-II, Okhla",1.0,3800000,Ready_to_move,Resale,Builder_Floor,4.0,375.0
2518.7526,4,5.0,Unfurnished,"Godrej South Estate, Okhla Phase 1",2.0,68900000,Almost_ready,New_Property,Apartment,9.0,629.68815
588.0,2,2.0,Unfurnished,"Jamia Nagar, Okhla",2.0,1800000,Ready_to_move,New_Property,Apartment,4.0,294.0
540.0,2,1.0,Unfurnished,"Zakir Nagar, New Friends Colony",2.0,1500000,Ready_to_move,Resale,Builder_Floor,3.0,270.0
1100.0,3,3.0,Semi-Furnished,"Sukhdev Vihar, Okhla",2.0,12500000,Ready_to_move,Resale,Apartment,6.0,366.6666666666667
550.0,2,1.0,Semi-Furnished,"Batla House, Okhla",2.0,1600000,Ready_to_move,Resale,Apartment,3.0,275.0
750.0,3,2.0,Semi-Furnished,"Batla House Project, Batla House, Okhla",1.0,2400000,Ready_to_move,Resale,Builder_Floor,5.0,250.0
1260.0,3,2.0,Semi-Furnished,"Abul Fazal Enclave Part 1, Okhla",1.0,7000000,Ready_to_move,Resale,Builder_Floor,5.0,420.0
675.0,2,2.0,Unfurnished,"Abul Fazal Enclave Part-II, Okhla",1.0,3100000,Ready_to_move,Resale,Builder_Floor,4.0,337.5
810.0,2,2.0,Semi-Furnished,"Sukhdev Vihar, Okhla",1.0,14500000,Ready_to_move,Resale,Apartment,4.0,405.0
3150.0,4,5.0,Semi-Furnished,"Sukhdev Vihar, Okhla",3.0,61500000,Ready_to_move,New_Property,Builder_Floor,9.0,787.5
2000.0,4,4.0,Semi-Furnished,"Sukhdev Vihar, Okhla",1.0,27500000,Ready_to_move,Resale,Builder_Floor,8.0,500.0
1775.0,3,3.0,Semi-Furnished,"The Amaryllis, Karol Bagh",1.0,25500000,Almost_ready,New_Property,Apartment,6.0,591.6666666666666
1135.0,3,3.0,Furnished,"The Amaryllis, Karol Bagh",2.0,25000000,Almost_ready,Resale,Apartment,6.0,378.3333333333333
1252.0,2,2.0,Semi-Furnished,"The Amaryllis, Karol Bagh",1.0,18500000,Almost_ready,New_Property,Apartment,4.0,626.0
2000.0,4,4.0,Semi-Furnished,"The Amaryllis, Karol Bagh",1.0,39700000,Almost_ready,New_Property,Apartment,8.0,500.0
530.0,4,1.0,Semi-Furnished,"Dev Nagar, Karol Bagh",1.0,6800000,Ready_to_move,Resale,Apartment,5.0,132.5
1332.0,3,2.0,Semi-Furnished,"Beadon Pura, Karol Bagh How Auctions work? The borrower has the physical possession of the Property. However the lender (Bank) can legally sell the Property. carpet area 148 sqyrd status Ready to Move floor 3 out of 3 floors transaction Resale furnishing Semi-Furnished bathroom 2 balcony 3 ownership Freehold Contact Now Enquire Now Auction By Bank",1.0,6540000,Ready_to_move,Resale,Builder_Floor,5.0,444.0
1017.0,3,3.0,Semi-Furnished,"The Amaryllis, Karol Bagh",1.0,22000000,Ready_to_move,New_Property,Apartment,6.0,339.0
987.0,2,2.0,Semi-Furnished,"The Amaryllis, Karol Bagh",1.0,17000000,Ready_to_move,New_Property,Apartment,4.0,493.5
1912.0,3,3.0,Semi-Furnished,"The Amaryllis, Karol Bagh",1.0,27500000,Almost_ready,New_Property,Apartment,6.0,637.3333333333334
5236.0,5,7.0,Unfurnished,"The Amaryllis, Karol Bagh",3.0,73700000,Almost_ready,New_Property,Apartment,12.0,1047.2
2805.0,4,4.0,Unfurnished,"The Amaryllis, Karol Bagh",2.0,52300000,Almost_ready,Resale,Apartment,8.0,701.25
1500.0,3,3.0,Unfurnished,"DDA Mig Flat, Prasad Nagar, Karol Bagh",2.0,16000000,Ready_to_move,Resale,Apartment,6.0,500.0
1280.0,3,3.0,Furnished,Karol Bagh,2.0,15000000,Ready_to_move,Resale,Builder_Floor,6.0,426.6666666666667
675.0,2,2.0,Semi-Furnished,Karol Bagh,1.0,10000000,Ready_to_move,Resale,Builder_Floor,4.0,337.5
576.0,2,2.0,Unfurnished,"Prasad Nagar, Karol Bagh",1.0,5000000,Ready_to_move,Resale,Apartment,4.0,288.0
1206.0,3,3.0,Semi-Furnished,Karol Bagh,1.0,20000000,Ready_to_move,Resale,Builder_Floor,6.0,402.0
1143.0,2,2.0,Unfurnished,"DDA MIG Flats Prasad Nagar Phase 2, Prasad Nagar, Karol Bagh",1.0,16000000,Ready_to_move,Resale,Apartment,4.0,571.5
345.0,1,1.0,Semi-Furnished,Karol Bagh,1.0,5500000,Ready_to_move,Resale,Builder_Floor,2.0,345.0
720.0,2,1.0,Semi-Furnished,"Dev Nagar, Karol Bagh",1.0,7000000,Ready_to_move,Resale,Builder_Floor,3.0,360.0
468.0,2,2.0,Unfurnished,Karol Bagh,1.0,4100000,Ready_to_move,Resale,Builder_Floor,4.0,234.0
1600.0,3,3.0,Semi-Furnished,"Karol Bagh carpet area 1600 sqft status Ready to Move floor 3 out of 3 floors transaction New Property furnishing Semi-Furnished facing East overlooking Garden/Park, Main Road car parking 1 Covered, 1 Open bathroom 3 balcony 2 ownership Freehold Near to Karol Bagh Metro station...................................... Its a very peaceful location ....................................................................................................................... read more Contact Agent View Phone No. Share Feedback Agent S R B Properties",1.0,24000000,Ready_to_move,New_Property,Builder_Floor,6.0,533.3333333333334
950.0,2,2.0,Furnished,"DDA MIG Flats Prasad Nagar Phase 2, Prasad Nagar, Karol Bagh",1.0,12500000,Ready_to_move,Resale,Apartment,4.0,475.0
535.0,2,1.0,Furnished,"Dev Nagar, Karol Bagh",1.0,3900000,Ready_to_move,New_Property,Apartment,3.0,267.5
1200.0,3,2.0,Semi-Furnished,Karol Bagh,1.0,14500000,Ready_to_move,Resale,Builder_Floor,5.0,400.0
1501.0,3,2.0,Semi-Furnished,"The Amaryllis, Karol Bagh",1.0,20000000,Almost_ready,Resale,Apartment,5.0,500.3333333333333
1135.0,3,3.0,Furnished,"The Amaryllis, Karol Bagh",2.0,24500000,Almost_ready,Resale,Apartment,6.0,378.3333333333333
1200.0,3,2.0,Semi-Furnished,"The Amaryllis, Karol Bagh",1.0,20900000,Almost_ready,Resale,Apartment,5.0,400.0
2200.0,3,3.0,Semi-Furnished,"The Amaryllis, Karol Bagh",1.0,43100000,Ready_to_move,New_Property,Apartment,6.0,733.3333333333334
1240.0,3,3.0,Unfurnished,"DLF Capital Greens, Moti Nagar, Kirti Nagar ( 1 km from New Moti Nagar, Kirti Nagar)",1.0,18000000,Ready_to_move,Resale,Apartment,6.0,413.3333333333333
3002.0,4,5.0,Semi-Furnished,"DLF Capital Greens, New Moti Nagar, Kirti Nagar",2.0,50000000,Ready_to_move,Resale,Apartment,9.0,750.5
1350.0,3,2.0,Unfurnished,"New Moti Nagar, Kirti Nagar",1.0,18500000,Ready_to_move,Resale,Apartment,5.0,450.0
2300.0,4,5.0,Semi-Furnished,"New Moti Nagar, Kirti Nagar",3.0,46500000,Ready_to_move,New_Property,Apartment,9.0,575.0
1429.0,3,3.0,Unfurnished,"New Moti Nagar, Kirti Nagar",2.0,17500000,Ready_to_move,Resale,Apartment,6.0,476.3333333333333
2430.0,4,5.0,Semi-Furnished,"New Moti Nagar, Kirti Nagar",2.0,42500000,Ready_to_move,Resale,Apartment,9.0,607.5
1450.0,3,3.0,Semi-Furnished,"DLF Capital Greens, New Moti Nagar, Kirti Nagar",2.0,15500000,Ready_to_move,New_Property,Apartment,6.0,483.3333333333333
1250.0,2,2.0,Furnished,"DLF Capital Greens, New Moti Nagar, Kirti Nagar",2.0,15000000,Ready_to_move,Resale,Apartment,4.0,625.0
2800.0,4,4.0,Unfurnished,"DLF Capital Greens, New Moti Nagar, Kirti Nagar",2.0,40000000,Ready_to_move,Resale,Apartment,8.0,700.0
1646.0,3,3.0,Unfurnished,"DLF Capital Greens, New Moti Nagar, Kirti Nagar",1.0,20000000,Ready_to_move,Resale,Apartment,6.0,548.6666666666666
900.0,2,2.0,Semi-Furnished,"New Moti Nagar, Kirti Nagar",1.0,6700000,Ready_to_move,Resale,Apartment,4.0,450.0
1250.0,3,2.0,Semi-Furnished,"DLF Capital Greens, New Moti Nagar, Kirti Nagar",1.0,16000000,Ready_to_move,Resale,Apartment,5.0,416.6666666666667
900.0,3,2.0,Unfurnished,"New Moti Nagar, Kirti Nagar",1.0,8000000,Ready_to_move,Resale,Builder_Floor,5.0,300.0
1590.0,3,2.0,Unfurnished,"DLF Capital Greens, New Moti Nagar, Kirti Nagar",2.0,25000000,Ready_to_move,New_Property,Apartment,5.0,530.0
990.0,3,2.0,Unfurnished,"New Moti Nagar, Kirti Nagar",2.0,25000000,Ready_to_move,Resale,Apartment,5.0,330.0
2282.0,4,5.0,Unfurnished,"DLF Capital Greens, New Moti Nagar, Kirti Nagar",2.0,37500000,Ready_to_move,Resale,Apartment,9.0,570.5
1260.0,3,3.0,Semi-Furnished,"DLF Capital Greens, New Moti Nagar, Kirti Nagar",1.0,25000000,Ready_to_move,Resale,Apartment,6.0,420.0
1457.0,3,3.0,Unfurnished,"New Moti Nagar, Kirti Nagar",1.0,23000000,Ready_to_move,Resale,Apartment,6.0,485.6666666666667
1400.0,3,2.0,Semi-Furnished,"New Moti Nagar, Kirti Nagar",2.0,17500000,Ready_to_move,Resale,Apartment,5.0,466.6666666666667
2175.0,4,4.0,Unfurnished,"DLF Capital Greens, Moti Nagar, Kirti Nagar ( 1 km from New Moti Nagar, Kirti Nagar)",1.0,44000000,Ready_to_move,Resale,Apartment,8.0,543.75
1450.0,3,3.0,Semi-Furnished,"DLF Capital Greens, New Moti Nagar, Kirti Nagar",2.0,15000000,Ready_to_move,New_Property,Apartment,6.0,483.3333333333333
2800.0,4,5.0,Semi-Furnished,"DLF Capital Greens, New Moti Nagar, Kirti Nagar",2.0,42500000,Ready_to_move,Resale,Apartment,9.0,700.0
861.112,2,2.0,Furnished,"New Moti Nagar, Kirti Nagar",2.0,5000000,Ready_to_move,Resale,Builder_Floor,4.0,430.556
2282.0,4,5.0,Unfurnished,"DLF Capital Greens, New Moti Nagar, Kirti Nagar",2.0,38000000,Ready_to_move,Resale,Apartment,9.0,570.5
1753.0,3,3.0,Unfurnished,"DLF Capital Greens, New Moti Nagar, Kirti Nagar",1.0,19000000,Ready_to_move,Resale,Apartment,6.0,584.3333333333334
2659.0,4,5.0,Unfurnished,"New Moti Nagar, Kirti Nagar",3.0,43500000,Ready_to_move,Resale,Apartment,9.0,664.75
1550.0,3,2.0,Unfurnished,"New Moti Nagar, Kirti Nagar",3.0,19500000,Ready_to_move,Resale,Apartment,5.0,516.6666666666666
1470.0,3,2.0,Semi-Furnished,"DLF Capital Greens, New Moti Nagar, Kirti Nagar",2.0,14200000,Ready_to_move,New_Property,Apartment,5.0,490.0
702.0,3,2.0,Semi-Furnished,"New Moti Nagar, Kirti Nagar",2.0,14200000,Ready_to_move,Resale,Apartment,5.0,234.0
1138.0,2,2.0,Semi-Furnished,"New Moti Nagar, Kirti Nagar",2.0,13500000,Ready_to_move,New_Property,Apartment,4.0,569.0
1600.0,3,3.0,Semi-Furnished,Sheikh Sarai Phase 1,2.0,21000000,Ready_to_move,New_Property,Builder_Floor,6.0,533.3333333333334
1600.0,3,3.0,Semi-Furnished,Sheikh Sarai Phase 1,1.0,22500000,Ready_to_move,Resale,Builder_Floor,6.0,533.3333333333334
1250.0,2,4.0,Semi-Furnished,Sheikh Sarai,1.0,19000000,Ready_to_move,Resale,Builder_Floor,6.0,625.0
810.0,3,2.0,Semi-Furnished,Sheikh Sarai Phase 2,1.0,7500000,Ready_to_move,Resale,Builder_Floor,5.0,270.0
585.0,2,2.0,Semi-Furnished,"Savitri Nagar Village, Sheikh Sarai",1.0,4000000,Ready_to_move,Resale,Builder_Floor,4.0,292.5
1700.0,3,3.0,Unfurnished,"Savitri Nagar Village, Sheikh Sarai",2.0,8000000,Ready_to_move,Resale,Builder_Floor,6.0,566.6666666666666
1800.0,3,4.0,Semi-Furnished,Sheikh Sarai Phase 1,2.0,19000000,Ready_to_move,Resale,Apartment,7.0,600.0
600.0,1,1.0,Unfurnished,Sheikh Sarai Phase 2,2.0,7000000,Ready_to_move,New_Property,Apartment,2.0,600.0
1250.0,3,3.0,Unfurnished,"Panchsheel Vihar, Sheikh Sarai",1.0,5800000,Ready_to_move,New_Property,Builder_Floor,6.0,416.6666666666667
600.0,3,2.0,Semi-Furnished,"Savitri Nagar Village, Sheikh Sarai",1.0,8000000,Ready_to_move,Resale,Builder_Floor,5.0,200.0
1600.0,3,4.0,Unfurnished,Sheikh Sarai Phase 1,1.0,18800000,Ready_to_move,Resale,Apartment,7.0,533.3333333333334
1100.0,3,2.0,Semi-Furnished,"Panchsheel Vihar, Sheikh Sarai",1.0,6000000,Ready_to_move,New_Property,Builder_Floor,5.0,366.6666666666667
450.0,1,1.0,Unfurnished,"Panchsheel Vihar, Sheikh Sarai",1.0,2200000,Ready_to_move,New_Property,Apartment,2.0,450.0
855.0,3,2.0,Semi-Furnished,"Savitri Nagar Village, Sheikh Sarai",1.0,6500000,Ready_to_move,Resale,Builder_Floor,5.0,285.0
1291.668,3,2.0,Unfurnished,Sheikh Sarai Phase 1,1.0,23500000,Ready_to_move,Resale,Apartment,5.0,430.556
1300.0,2,2.0,Semi-Furnished,Sheikh Sarai Phase 1,2.0,16000000,Ready_to_move,Resale,Apartment,4.0,650.0
1350.0,3,3.0,Unfurnished,Sheikh Sarai Phase 1,2.0,20000000,Ready_to_move,Resale,Apartment,6.0,450.0
900.0,2,2.0,Unfurnished,Sheikh Sarai Phase 1,2.0,5500000,Ready_to_move,New_Property,Builder_Floor,4.0,450.0
850.0,2,2.0,Semi-Furnished,Sheikh Sarai Phase 1,1.0,13500000,Ready_to_move,Resale,Apartment,4.0,425.0
1650.0,3,3.0,Semi-Furnished,Sheikh Sarai Phase 1,1.0,22500000,Ready_to_move,Resale,Builder_Floor,6.0,550.0
650.0,2,2.0,Unfurnished,"Panchsheel Vihar, Sheikh Sarai",1.0,3800000,Ready_to_move,Resale,Apartment,4.0,325.0
630.0,2,2.0,Semi-Furnished,"Apna Apartments, Savitri Nagar Village, Sheikh Sarai",1.0,4600000,Ready_to_move,Resale,Builder_Floor,4.0,315.0
1250.0,2,1.0,Semi-Furnished,Sheikh Sarai Phase 1,2.0,17500000,Ready_to_move,Resale,Apartment,3.0,625.0
1800.0,4,3.0,Furnished,"Panchsheel Vihar, Sheikh Sarai",2.0,5500000,Ready_to_move,New_Property,Builder_Floor,7.0,450.0
1500.0,3,3.0,Semi-Furnished,Sheikh Sarai Phase 1,2.0,22500000,Ready_to_move,Resale,Builder_Floor,6.0,500.0
1100.0,2,2.0,Semi-Furnished,Sheikh Sarai Phase 1,1.0,12500000,Ready_to_move,Resale,Apartment,4.0,550.0
1400.0,3,2.0,Semi-Furnished,Sheikh Sarai Phase 1,2.0,19000000,Ready_to_move,Resale,Apartment,5.0,466.6666666666667
1300.0,2,2.0,Semi-Furnished,Sheikh Sarai Phase 1,2.0,15500000,Ready_to_move,Resale,Apartment,4.0,650.0
1100.0,2,2.0,Semi-Furnished,Sheikh Sarai Phase 1,2.0,13500000,Ready_to_move,Resale,Apartment,4.0,550.0
1600.0,3,3.0,Semi-Furnished,Sheikh Sarai Phase 1,2.0,21000000,Ready_to_move,Resale,Apartment,6.0,533.3333333333334
2250.0,4,4.0,Semi-Furnished,"Punjabi Bagh Enclave, Punjabi Bagh West",2.0,50000000,Ready_to_move,New_Property,Builder_Floor,8.0,562.5
2592.0,4,3.0,Unfurnished,Punjabi Bagh,2.0,42500000,Ready_to_move,Resale,Builder_Floor,7.0,648.0
1800.0,4,4.0,Unfurnished,Punjabi Bagh West,2.0,45500000,Almost_ready,New_Property,Builder_Floor,8.0,450.0
1700.0,3,3.0,Semi-Furnished,Punjabi Bagh,2.0,23000000,Ready_to_move,Resale,Builder_Floor,6.0,566.6666666666666
1640.0,3,3.0,Unfurnished,Punjabi Bagh West,1.0,12000000,Ready_to_move,Resale,Apartment,6.0,546.6666666666666
2572.0,3,3.0,Furnished,Punjabi Bagh West,4.0,35000000,Ready_to_move,Resale,Apartment,6.0,857.3333333333334
2100.0,3,3.0,Semi-Furnished,"Punjabi Bagh Enclave, Shivaji Park, Punjabi Bagh",1.0,25000000,Ready_to_move,Resale,Builder_Floor,6.0,700.0
1620.0,3,3.0,Semi-Furnished,"Punjabi Bagh Extension, Punjabi Bagh",1.0,29000000,Ready_to_move,New_Property,Builder_Floor,6.0,540.0
2500.0,4,4.0,Semi-Furnished,Punjabi Bagh West,2.0,80000000,Ready_to_move,New_Property,Builder_Floor,8.0,625.0
2250.0,3,3.0,Semi-Furnished,Punjabi Bagh West,2.0,20500000,Ready_to_move,Resale,Apartment,6.0,750.0
2445.0,4,4.0,Semi-Furnished,"DLF Capitals Phase III, Shivaji Park, Punjabi Bagh",1.0,52500000,Ready_to_move,Resale,Apartment,8.0,611.25
2250.0,4,4.0,Unfurnished,Punjabi Bagh,2.0,37500000,Ready_to_move,New_Property,Builder_Floor,8.0,562.5
800.0,2,2.0,Semi-Furnished,"Punjabi Bagh Enclave, Punjabi Bagh West",2.0,7500000,Ready_to_move,Resale,Apartment,4.0,400.0
1450.0,3,3.0,Semi-Furnished,"Punjabi Bagh Enclave, Punjabi Bagh",2.0,32500000,Ready_to_move,Resale,Builder_Floor,6.0,483.3333333333333
1440.0,3,3.0,Unfurnished,"Punjabi Bagh Extension, Punjabi Bagh",2.0,24500000,Ready_to_move,Resale,Builder_Floor,6.0,480.0
5220.0,5,5.0,Unfurnished,Punjabi Bagh West,2.0,65000000,Ready_to_move,Resale,Builder_Floor,10.0,1044.0
1800.0,3,3.0,Semi-Furnished,Punjabi Bagh,2.0,27500000,Ready_to_move,New_Property,Builder_Floor,6.0,600.0
4455.0,5,5.0,Semi-Furnished,Punjabi Bagh West,1.0,115000000,Almost_ready,New_Property,Builder_Floor,10.0,891.0
195.0,3,3.0,Semi-Furnished,"Punjabi Bagh Extension, Punjabi Bagh",1.0,28000000,Almost_ready,New_Property,Builder_Floor,6.0,65.0
807.2925,2,1.0,Semi-Furnished,"Punjabi Bagh Extension, Punjabi Bagh",1.0,8000000,Ready_to_move,Resale,Builder_Floor,3.0,403.64625
3500.0,4,4.0,Furnished,Punjabi Bagh West,3.0,75100000,Ready_to_move,New_Property,Builder_Floor,8.0,875.0
1000.0,2,2.0,Semi-Furnished,"Punjabi Bagh Enclave, Madipur, Punjabi Bagh",1.0,7800000,Ready_to_move,Resale,Apartment,4.0,500.0
900.0,2,2.0,Semi-Furnished,"Bhagwan Das Nagar, Punjabi Bagh",1.0,15000000,Ready_to_move,Resale,Builder_Floor,4.0,450.0
1800.0,3,3.0,Furnished,Punjabi Bagh East,1.0,27500000,Ready_to_move,Resale,Builder_Floor,6.0,600.0
17010.0,3,3.0,Semi-Furnished,Punjabi Bagh West,2.0,25000000,Ready_to_move,Resale,Builder_Floor,6.0,5670.0
2340.0,4,4.0,Semi-Furnished,Punjabi Bagh East,1.0,26000000,Ready_to_move,Resale,Builder_Floor,8.0,585.0
1350.0,3,3.0,Unfurnished,Punjabi Bagh East,1.0,23500000,Ready_to_move,Resale,Apartment,6.0,450.0
464.0,3,1.0,Unfurnished,"Bhagwan Das Nagar, Punjabi Bagh",1.0,4200000,Ready_to_move,Resale,Builder_Floor,4.0,154.66666666666666
954.0,2,2.0,Unfurnished,Punjabi Bagh East,1.0,10000000,Ready_to_move,Resale,Builder_Floor,4.0,477.0
1155.0,2,2.0,Semi-Furnished,"Pal Mohan Apartments, Punjabi Bagh",1.0,18500000,Ready_to_move,Resale,Builder_Floor,4.0,577.5
500.0,2,2.0,Semi-Furnished,"Govindpuri Extension, Kalkaji",1.0,3300000,Ready_to_move,New_Property,Builder_Floor,4.0,250.0
700.0,2,2.0,Semi-Furnished,"Govindpuri Extension, Kalkaji",1.0,3800000,Ready_to_move,New_Property,Builder_Floor,4.0,350.0
900.0,3,3.0,Semi-Furnished,"Govindpuri Extension, Kalkaji",1.0,7000000,Ready_to_move,New_Property,Builder_Floor,6.0,300.0
1260.0,3,3.0,Semi-Furnished,Kalkaji,2.0,16500000,Ready_to_move,Resale,Builder_Floor,6.0,420.0
950.0,3,2.0,Semi-Furnished,"Govindpuri Extension, Kalkaji",1.0,8000000,Ready_to_move,New_Property,Apartment,5.0,316.6666666666667
405.0,1,1.0,Unfurnished,"DDA LIG Flat, Kalkaji",1.0,5600000,Ready_to_move,Resale,Builder_Floor,2.0,405.0
1800.0,2,2.0,Furnished,Kalkaji,1.0,21000000,Ready_to_move,Resale,Builder_Floor,4.0,900.0
1300.0,3,3.0,Semi-Furnished,Kalkaji,2.0,21000000,Ready_to_move,Resale,Builder_Floor,6.0,433.3333333333333
1000.0,3,3.0,Semi-Furnished,"Govindpuri Extension, Kalkaji",2.0,8600000,Ready_to_move,New_Property,Apartment,6.0,333.3333333333333
900.0,3,2.0,Semi-Furnished,"Giri Nagar, KalkaJi",2.0,6600000,Ready_to_move,Resale,Apartment,5.0,300.0
1800.0,3,3.0,Semi-Furnished,"Govindpuri Extension, Kalkaji",2.0,14000000,Ready_to_move,Resale,Builder_Floor,6.0,600.0
720.0,2,2.0,Unfurnished,"Govindpuri Extension, Kalkaji",2.0,4700000,Ready_to_move,Resale,Builder_Floor,4.0,360.0
1485.0,3,3.0,Unfurnished,"Rishi Apartment, Kalkaji",1.0,30000000,Ready_to_move,Resale,Apartment,6.0,495.0
1600.0,3,3.0,Semi-Furnished,Kalkaji,2.0,26000000,Ready_to_move,Resale,Builder_Floor,6.0,533.3333333333334
1200.0,2,2.0,Furnished,"Deshbandhu Apartments, Kalkaji",2.0,18500000,Ready_to_move,Resale,Apartment,4.0,600.0
900.0,2,2.0,Semi-Furnished,"Dda Janta Flats, Kalkaji",2.0,6500000,Ready_to_move,Resale,Apartment,4.0,450.0
900.0,2,2.0,Unfurnished,Kalkaji,2.0,15000000,Ready_to_move,Resale,Apartment,4.0,450.0
800.0,2,2.0,Semi-Furnished,"Kalkaji super area 800 sqft status Ready to Move floor 3 out of 4 floors transaction Resale furnishing Semi-Furnished facing North - West overlooking Garden/Park, Main Road car parking 1 Open bathroom 2 balcony 2 ownership Freehold 2 bhk flat for sale in kalkaji this is third floor with 2 bed room and bathrooms very peace full location and posh. The Summer Fields School is considered as among the best school of New Delhi and is located just beside to this property. Within the range of 4-5km, you will find some of the well-equipped hospitals which include AIMS Hospital and Moolchand Hospital.for more information about this flat please call me feel free. read more Contact Agent View Phone No. Share Feedback Agent Rose Estate 100+ Buyers Served",1.0,8000000,Ready_to_move,Resale,Builder_Floor,4.0,400.0
1150.0,2,3.0,Semi-Furnished,"Deshbandhu Apartments, Kalkaji",2.0,16100000,Ready_to_move,Resale,Apartment,5.0,575.0
900.0,3,3.0,Semi-Furnished,"Govindpuri Extension, Kalkaji",1.0,6800000,Ready_to_move,New_Property,Builder_Floor,6.0,300.0
1070.0,3,2.0,Furnished,Kalkaji Extention,1.0,6800000,Ready_to_move,Resale,Apartment,5.0,356.6666666666667
1050.0,2,2.0,Unfurnished,Kalkaji Extention,1.0,9000000,Ready_to_move,Resale,Apartment,4.0,525.0
1000.0,2,2.0,Semi-Furnished,"Kalkaji super area 1000 sqft status Ready to Move floor 2 out of 3 floors transaction Resale furnishing Semi-Furnished facing North - West overlooking Garden/Park, Main Road car parking 1 Covered, 1 Open bathroom 2 balcony 2 ownership Freehold Very beautiful 3 bedroom with attached washroom , drawing dining , modular kitchen , ac , servant room , power backup, powder room, separate underground and overhead water tanks, walking distance to market , easy access to ring road . For more details and site visit please contact cosmo properties. read more Contact Agent View Phone No. Share Feedback Agent Zee Associates",1.0,18000000,Ready_to_move,Resale,Builder_Floor,4.0,500.0
1550.0,3,3.0,Unfurnished,"Mandakini Enclave Project, Kalkaji",2.0,27500000,Ready_to_move,Resale,Builder_Floor,6.0,516.6666666666666
1300.0,3,2.0,Unfurnished,"Deshbandhu Apartments, Kalkaji carpet area 1300 sqft status Ready to Move floor 3 out of 4 floors transaction Resale furnishing Unfurnished facing North - East overlooking Garden/Park, Main Road society Deshbandhu Apartments car parking 1 Covered, 1 Open bathroom 2 balcony 2 ownership Freehold Third Floor with terrace 3 bhk builder floor apartment with 2 attached bathrooms located in kalkaji Deshbandu apartment . all water and electrical connections installed, very spacious drawing room , 2 balconies in front and rear each dedicated parking spot for 1 car. extra parking space available for additional cars, Immediately for sale , read more Contact Agent View Phone No. Share Feedback Agent Bhawani Realtors",1.0,13500000,Ready_to_move,Resale,Apartment,5.0,433.3333333333333
810.0,2,2.0,Semi-Furnished,Kalkaji,1.0,14000000,Ready_to_move,New_Property,Builder_Floor,4.0,405.0
900.0,2,2.0,Furnished,Kalkaji,1.0,9000000,Ready_to_move,Resale,Builder_Floor,4.0,450.0
1200.0,2,2.0,Unfurnished,"Deshbandhu Apartments, Kalkaji",1.0,16000000,Ready_to_move,Resale,Apartment,4.0,600.0
1000.0,2,3.0,Semi-Furnished,Kalkaji Extention,1.0,11000000,Ready_to_move,Resale,Apartment,5.0,500.0
720.0,2,2.0,Unfurnished,"Govindpuri Extension, Kalkaji",1.0,5500000,Almost_ready,New_Property,Builder_Floor,4.0,360.0
2520.0,3,3.0,Unfurnished,Hauz Khas,Unknown,47500000,Ready_to_move,New_Property,Builder_Floor,6.0,840.0
1700.0,3,4.0,Unfurnished,Hauz Khas,2.0,45000000,Ready_to_move,New_Property,Builder_Floor,7.0,566.6666666666666
1800.0,3,3.0,Semi-Furnished,Hauz Khas,2.0,43500000,Ready_to_move,New_Property,Builder_Floor,6.0,600.0
6000.0,5,5.0,Semi-Furnished,"Hauz Khas Apartment, Hauz Khas Enclave, Hauz Khas",3.0,180000000,Ready_to_move,New_Property,Apartment,10.0,1200.0
1800.0,4,4.0,Semi-Furnished,Hauz Khas,2.0,80000000,Ready_to_move,New_Property,Builder_Floor,8.0,450.0
2000.0,3,3.0,Unfurnished,"Sarva Priya Apartment, Hauz Khas",2.0,37500000,Ready_to_move,Resale,Apartment,6.0,666.6666666666666
2066.0,4,4.0,Unfurnished,Hauz Khas,2.0,60000000,Almost_ready,New_Property,Builder_Floor,8.0,516.5
2050.0,3,3.0,Semi-Furnished,"Hauz Khas Enclave, Hauz Khas",2.0,71000000,Ready_to_move,New_Property,Builder_Floor,6.0,683.3333333333334
1100.0,3,3.0,Unfurnished,"Safdarjung Development Area, Hauz Khas",2.0,18500000,Ready_to_move,Resale,Apartment,6.0,366.6666666666667
4500.0,4,4.0,Semi-Furnished,Hauz Khas,2.0,70000000,Ready_to_move,New_Property,Builder_Floor,8.0,1125.0
4500.0,4,5.0,Semi-Furnished,"Hauz Khas Enclave, Hauz Khas",2.0,85000000,Ready_to_move,New_Property,Builder_Floor,9.0,1125.0
6500.0,4,5.0,Unfurnished,"Mayfair garden, Hauz Khas",3.0,190000000,Ready_to_move,New_Property,Builder_Floor,9.0,1625.0
4350.0,4,6.0,Semi-Furnished,"Orchid Metropolis, Hauz Khas",2.0,135000000,Ready_to_move,New_Property,Apartment,10.0,1087.5
1750.0,3,3.0,Unfurnished,Hauz Khas,2.0,35000000,Ready_to_move,Resale,Builder_Floor,6.0,583.3333333333334
3600.0,4,4.0,Semi-Furnished,"Safdarjung Development Area, Hauz Khas",2.0,65000000,Almost_ready,New_Property,Builder_Floor,8.0,900.0
1200.0,2,2.0,Furnished,"Hauz Khas Enclave, Hauz Khas",1.0,27500000,Ready_to_move,Resale,Builder_Floor,4.0,600.0
1500.0,3,4.0,Unfurnished,Hauz Khas,2.0,45000000,Ready_to_move,Resale,Builder_Floor,7.0,500.0
2250.0,4,4.0,Unfurnished,"Hauz Khas Enclave, Hauz Khas",3.0,100000000,Ready_to_move,New_Property,Builder_Floor,8.0,562.5
1800.0,3,4.0,Semi-Furnished,Hauz Khas,2.0,47000000,Ready_to_move,New_Property,Builder_Floor,7.0,600.0
1600.0,3,4.0,Semi-Furnished,Hauz Khas,2.0,27500000,Ready_to_move,Resale,Builder_Floor,7.0,533.3333333333334
2800.0,4,5.0,Semi-Furnished,Hauz Khas,3.0,70000000,Ready_to_move,New_Property,Builder_Floor,9.0,700.0
1700.0,3,3.0,Semi-Furnished,"Sarva Priya Apartment, Hauz Khas carpet area 1700 sqft status Ready to Move floor 1 out of 7 floors transaction Resale furnishing Semi-Furnished facing North - East overlooking Garden/Park society Sarva Priya Apartment car parking 1 Covered, 1 Open bathroom 3 balcony 2 ownership Freehold desperarte sale ,its clear tile, proper cross ventilation ,proper an matter for one week ,crystle sunlight found, and air,ICIC BANK LOAN APPROVAL, good to see , have lucky chance to get such a reraly rare property read more Contact Agent View Phone No. Share Feedback Agent New Capital Properties 1000+ Buyers Served",1.0,36500000,Ready_to_move,Resale,Apartment,6.0,566.6666666666666
2400.0,4,5.0,Unfurnished,"Hauz Khas Enclave, Hauz Khas",1.0,65000000,Ready_to_move,Resale,Builder_Floor,9.0,600.0
1980.0,3,4.0,Unfurnished,"Sarva Priya Apartment, Hauz Khas",1.0,35000000,Almost_ready,New_Property,Apartment,7.0,660.0
2100.0,4,5.0,Semi-Furnished,"Hauz Khas Enclave, Hauz Khas",1.0,56000000,Ready_to_move,New_Property,Builder_Floor,9.0,525.0
5400.0,4,4.0,Unfurnished,"Hauz Khas Enclave, Hauz Khas",2.0,110000000,Ready_to_move,Resale,Builder_Floor,8.0,1350.0
1250.0,3,3.0,Semi-Furnished,"Safdarjung Development Area, Hauz Khas",1.0,24000000,Ready_to_move,Resale,Builder_Floor,6.0,416.6666666666667
2300.0,4,4.0,Semi-Furnished,Hauz Khas,1.0,102500000,Ready_to_move,New_Property,Builder_Floor,8.0,575.0
2700.0,4,4.0,Semi-Furnished,"Hauz Khas Enclave, Hauz Khas",2.0,100000000,Ready_to_move,New_Property,Builder_Floor,8.0,675.0
1450.0,3,3.0,Semi-Furnished,"Safdarjung Development Area, Hauz Khas",1.0,45000000,Ready_to_move,New_Property,Builder_Floor,6.0,483.3333333333333
2097.0,3,3.0,Unfurnished,Chittaranjan Park,Unknown,29000000,Ready_to_move,Resale,Builder_Floor,6.0,699.0
1250.0,3,3.0,Semi-Furnished,"Arya Chittaranjan Park, Chittaranjan Park",1.0,25500000,Almost_ready,New_Property,Builder_Floor,6.0,416.6666666666667
1600.0,3,3.0,Semi-Furnished,Chittaranjan Park,2.0,33500000,Ready_to_move,New_Property,Builder_Floor,6.0,533.3333333333334
2600.0,4,5.0,Semi-Furnished,Chittaranjan Park,3.0,62500000,Ready_to_move,New_Property,Builder_Floor,9.0,650.0
1700.0,3,3.0,Semi-Furnished,Chittaranjan Park,2.0,47500000,Ready_to_move,New_Property,Builder_Floor,6.0,566.6666666666666
1116.0,3,3.0,Semi-Furnished,Chittaranjan Park,1.0,14700000,Ready_to_move,Resale,Builder_Floor,6.0,372.0
1070.0,2,3.0,Semi-Furnished,Chittaranjan Park,1.0,18000000,Ready_to_move,New_Property,Builder_Floor,5.0,535.0
1200.0,3,3.0,Semi-Furnished,Chittaranjan Park,1.0,22500000,Ready_to_move,New_Property,Builder_Floor,6.0,400.0
1200.0,3,3.0,Unfurnished,Chittaranjan Park,1.0,22000000,Ready_to_move,New_Property,Builder_Floor,6.0,400.0
1200.0,3,3.0,Semi-Furnished,Chittaranjan Park carpet area 1200 sqft status Ready to Move floor 2 out of 4 floors transaction New Property furnishing Semi-Furnished facing North - East overlooking Garden/Park bathroom 3 balcony 2 ownership Freehold Newly Constructed Property Newly Constructed Property brand new 1st floor 3bedroom attach bathrooms stilt car parking modular kitchen air condition prime location c r park read more Contact Agent View Phone No. Share Feedback Nirmala Associates Certified Agent Trusted by Users Genuine Listings 1500+ Buyers Served,1.0,22200000,Ready_to_move,New_Property,Builder_Floor,6.0,400.0
1450.0,3,3.0,Semi-Furnished,Chittaranjan Park,1.0,22500000,Ready_to_move,Resale,Builder_Floor,6.0,483.3333333333333
1000.0,2,2.0,Semi-Furnished,Chittaranjan Park,1.0,7500000,Ready_to_move,Resale,Apartment,4.0,500.0
2430.0,4,4.0,Furnished,"Chittaranjan Park carpet area 270 sqyrd status Ready to Move floor 2 out of 4 floors transaction Resale furnishing Furnished facing North - East overlooking Garden/Park, Main Road car parking 5 Open bathroom 4 balcony 3 ownership Freehold 3 Side Open, Fully ventilated, Close to Market, Above Bank and 24 x 7 ATM because of which good security. Elite Neighbor hood. Very good for Rental Income. Also can be used for commercial Office Purpose by Advocates. read more Contact Owner View Phone No. Share Feedback Owner Mayur Mayur Aggarwal",5.0,30000000,Ready_to_move,Resale,Builder_Floor,8.0,607.5
945.0,2,1.0,Unfurnished,Chittaranjan Park,5.0,6500000,Ready_to_move,Resale,Apartment,3.0,472.5
1650.0,3,3.0,Unfurnished,Chittaranjan Park,5.0,35000000,Ready_to_move,New_Property,Builder_Floor,6.0,550.0
1350.0,3,2.0,Semi-Furnished,"Nehru Enclave, Kalkaji",1.0,17500000,Ready_to_move,Resale,Builder_Floor,5.0,450.0
2625.0,4,5.0,Semi-Furnished,Chittaranjan Park,2.0,60000000,Ready_to_move,New_Property,Builder_Floor,9.0,656.25
1800.0,4,4.0,Semi-Furnished,Chittaranjan Park,2.0,40000000,Ready_to_move,New_Property,Builder_Floor,8.0,450.0
125.0,3,3.0,Semi-Furnished,Chittaranjan Park,2.0,11500000,Ready_to_move,New_Property,Builder_Floor,6.0,41.666666666666664
1440.0,3,3.0,Semi-Furnished,Chittaranjan Park,2.0,22500000,Ready_to_move,New_Property,Builder_Floor,6.0,480.0
1900.0,3,4.0,Semi-Furnished,Chittaranjan Park,2.0,28500000,Ready_to_move,New_Property,Builder_Floor,7.0,633.3333333333334
1800.0,3,3.0,Semi-Furnished,Chittaranjan Park,2.0,29000000,Ready_to_move,Resale,Builder_Floor,6.0,600.0
1200.0,3,2.0,Semi-Furnished,Chittaranjan Park,1.0,15500000,Ready_to_move,Resale,Builder_Floor,5.0,400.0
1800.0,3,3.0,Semi-Furnished,"Nehru Enclave, Kalkaji",1.0,26000000,Ready_to_move,Resale,Builder_Floor,6.0,600.0
1200.0,3,3.0,Semi-Furnished,Chittaranjan Park,1.0,16500000,Ready_to_move,Resale,Builder_Floor,6.0,400.0
4118.0,4,5.0,Unfurnished,Chittaranjan Park,3.0,55000000,Ready_to_move,New_Property,Builder_Floor,9.0,1029.5
1050.0,3,2.0,Semi-Furnished,Chittaranjan Park,3.0,12500000,Ready_to_move,Resale,Builder_Floor,5.0,350.0
875.0,3,3.0,Semi-Furnished,Chittaranjan Park,3.0,17500000,Ready_to_move,New_Property,Builder_Floor,6.0,291.6666666666667
990.0,2,2.0,Unfurnished,Chittaranjan Park Block A,1.0,11500000,Ready_to_move,Resale,Builder_Floor,4.0,495.0
11050.0,3,3.0,Unfurnished,Chittaranjan Park,1.0,18500000,Ready_to_move,New_Property,Builder_Floor,6.0,3683.3333333333335
